, ,Above threshold?,Chi^2,Correlation Coefficient,"Directory: /media/markus/DEF256A2F2567EA9/Users/Markus/LittleHelpers/ConfocalSimulation/Experiments/20190127010071/, redtitle: 20190127010071.bin.counts_ch0.stack.tif","Directory: /media/markus/DEF256A2F2567EA9/Users/Markus/LittleHelpers/ConfocalSimulation/Experiments/20190127010080/, redtitle: 20190127010080.bin.counts_ch0.stack.tif",Good?,ROI,Shape-Binding,a,date,free or bound?,iFirst,iSecond,pthresh,realthreshold,run,spot,stoichiometry,streak,streak or spot?,wx,wy,x0,xpos,y0,ypos,z
0,1.0,yes,,1.004,,,0.0,1.0,streak-bound,186.46,20190127.0,bound,6.449,6.449,1.2,2.295,,,31.076999999999998,,streak,26.214000000000002,26.021,-1.969,55.031000000000006,-1.969,45.031000000000006,0.0
1,2.0,yes,,1.005,,,0.0,2.0,streak-bound,150.721,20190127.0,bound,5.4079999999999995,5.4079999999999995,1.2,2.295,,,25.12,,streak,25.467,30.358,-1.969,30.031,-1.969,19.031,0.0
2,3.0,yes,0.247,1.0070000000000001,,,1.0,3.0,streak-bound,249.6,20190127.0,bound,5.388,5.388,1.234,2.345,,,41.6,,streak,86.01299999999999,70.085,-0.312,70.688,-0.094,32.906,0.10300000000000001
3,4.0,yes,0.013999999999999999,1.0070000000000001,,,1.0,4.0,streak-bound,271.383,20190127.0,bound,4.592,4.592,1.226,2.333,,,45.23,,streak,66.757,75.189,0.25,64.25,0.203,17.203,0.0
0,1.0,yes,0.11900000000000001,1.0070000000000001,,,1.0,1.0,streak-bound,322.166,20190127.0,bound,19.347,19.347,1.2,2.295,,,53.693999999999996,,streak,141.724,133.237,-0.062,87.93799999999999,0.25,14.25,0.0
1,2.0,yes,0.099,1.0070000000000001,,,1.0,2.0,streak-bound,308.254,20190127.0,bound,19.122,19.122,1.2,2.295,,,51.376000000000005,,streak,140.625,138.347,-0.062,22.938000000000002,-0.21899999999999997,45.781000000000006,0.0
2,3.0,yes,0.22,1.008,,,1.0,3.0,spot-bound,277.198,20190127.0,bound,18.327,18.327,1.2,2.295,,,46.2,,spot,143.869,145.312,-0.172,34.828,-0.281,48.718999999999994,0.0
0,1.0,yes,0.5660000000000001,1.0090000000000001,,,1.0,1.0,spot-bound,296.283,20190127.0,bound,42.408,42.408,1.2,2.295,,,49.381,,spot,210.938,214.233,0.141,42.141000000000005,0.016,68.016,0.0
1,2.0,yes,0.63,1.0090000000000001,,,1.0,2.0,spot-bound,302.707,20190127.0,bound,42.918,42.918,1.215,2.318,,,50.451,,spot,214.233,209.18,0.469,33.469,0.094,10.094,0.03
2,3.0,yes,0.41600000000000004,1.0090000000000001,,,1.0,3.0,spot-bound,301.232,20190127.0,bound,42.449,42.449,1.21,2.31,,,50.205,,spot,210.938,210.25799999999998,-0.266,33.734,0.25,51.25,0.0
3,4.0,yes,0.632,1.0090000000000001,,,1.0,4.0,spot-bound,309.556,20190127.0,bound,44.367,44.367,1.2329999999999999,2.344,,,51.593,,spot,209.18,215.83,0.23399999999999999,71.234,-0.45299999999999996,17.547,0.10300000000000001
4,5.0,yes,0.45399999999999996,1.01,,,1.0,5.0,spot-bound,283.691,20190127.0,bound,41.49,41.49,1.227,2.334,,,47.282,,spot,214.13,215.82,-0.375,48.625,-0.188,48.812,0.0
0,1.0,yes,0.455,1.0090000000000001,,,1.0,1.0,spot-bound,304.159,20190127.0,bound,41.673,41.673,1.2,2.295,,,50.693000000000005,,spot,209.18,206.25,-0.266,37.734,0.031,43.031000000000006,0.0
1,2.0,yes,0.489,1.01,,,1.0,2.0,spot-bound,282.256,20190127.0,bound,41.347,41.347,1.229,2.338,,,47.043,,spot,215.332,214.233,-0.21899999999999997,63.781000000000006,0.203,13.203,0.057999999999999996
2,3.0,yes,0.41600000000000004,1.0090000000000001,,,1.0,3.0,spot-bound,294.69,20190127.0,bound,41.653,41.653,1.227,2.335,,,49.115,,spot,210.938,210.938,-0.43799999999999994,19.562,-0.32799999999999996,30.671999999999997,0.024
3,4.0,yes,0.518,1.0090000000000001,,,1.0,4.0,spot-bound,302.54900000000004,20190127.0,bound,43.102,43.102,1.2229999999999999,2.329,,,50.425,,spot,212.585,212.585,-0.45299999999999996,59.547,-0.125,23.875,0.009000000000000001
4,5.0,yes,0.39899999999999997,1.01,,,1.0,5.0,spot-bound,291.337,20190127.0,bound,42.388000000000005,42.388000000000005,1.228,2.336,,,48.556000000000004,,spot,210.84,217.52900000000002,-0.406,69.594,-0.344,60.656000000000006,0.047
0,1.0,yes,0.47200000000000003,1.01,,,1.0,1.0,spot-bound,298.81,20190127.0,bound,44.02,44.02,1.2,2.295,,,49.802,,spot,210.938,220.459,-0.172,15.828,-0.125,58.875,0.0
1,2.0,yes,0.40399999999999997,1.0090000000000001,,,1.0,2.0,spot-bound,318.875,20190127.0,bound,44.02,44.02,1.202,2.299,,,53.146,,spot,209.03400000000002,207.642,0.469,78.469,0.406,37.406,0.005
0,1.0,yes,0.574,1.0090000000000001,,,1.0,1.0,spot-bound,296.781,20190127.0,bound,42.693999999999996,42.693999999999996,1.244,2.36,,,49.464,,spot,210.938,215.332,0.141,51.141000000000005,0.188,65.188,0.044000000000000004
1,2.0,yes,0.42,1.0090000000000001,,,1.0,2.0,spot-bound,301.327,20190127.0,bound,42.49,42.49,1.242,2.356,,,50.221000000000004,,spot,210.81400000000002,210.938,-0.21899999999999997,75.781,0.391,53.391000000000005,0.04
2,3.0,yes,0.48200000000000004,1.01,,,1.0,3.0,spot-bound,286.903,20190127.0,bound,41.714,41.714,1.234,2.345,,,47.817,,spot,216.266,212.585,0.42200000000000004,42.422,-0.203,77.797,0.019
3,4.0,yes,0.496,1.0090000000000001,,,1.0,4.0,spot-bound,301.503,20190127.0,bound,43.082,43.082,1.228,2.336,,,50.25,,spot,207.642,217.014,0.516,10.515999999999998,0.203,42.203,0.009000000000000001
0,1.0,yes,41.43600000000001,1.0090000000000001,,,0.0,1.0,spot-bound,320.837,20190127.0,bound,41.98,41.98,32.934,38.673,,,53.473,,spot,167.847,163.477,-0.188,23.811999999999998,-0.109,85.891,31.734
1,2.0,yes,0.449,1.0090000000000001,,,1.0,2.0,spot-bound,313.16200000000003,20190127.0,bound,43.878,43.878,17.082,21.215,,,52.193999999999996,,spot,210.938,209.18,-0.156,70.844,0.047,58.047,0.03
2,3.0,yes,0.596,1.0090000000000001,,,1.0,3.0,spot-bound,308.931,20190127.0,bound,43.735,43.735,11.788,15.220999999999998,,,51.488,,spot,214.13,209.076,-0.141,76.859,0.203,31.203000000000003,0.0
3,4.0,yes,6.381,1.01,,,0.0,4.0,spot-bound,301.293,20190127.0,bound,42.347,42.347,10.435,13.665999999999999,,,50.216,,spot,201.53799999999998,201.416,-0.266,18.734,0.406,80.406,5.178
0,1.0,yes,0.424,1.0090000000000001,,,1.0,1.0,spot-bound,311.803,20190127.0,bound,42.93899999999999,42.93899999999999,1.214,2.316,,,51.967,,spot,211.91400000000002,204.639,0.266,63.266000000000005,-0.047,61.953,0.013999999999999999
1,2.0,yes,0.495,1.0090000000000001,,,1.0,2.0,spot-bound,302.128,20190127.0,bound,43.122,43.122,1.207,2.306,,,50.355,,spot,217.014,207.44299999999998,-0.188,50.812,-0.094,33.906,0.0
2,3.0,yes,0.491,1.01,,,1.0,3.0,spot-bound,293.454,20190127.0,bound,41.898,41.898,1.205,2.302,,,48.909,,spot,215.332,209.18,0.23399999999999999,41.233999999999995,-0.156,34.844,0.0
0,1.0,yes,0.561,1.0090000000000001,,,1.0,1.0,spot-bound,311.395,20190127.0,bound,43.082,43.082,1.2,2.295,,,51.898999999999994,,spot,210.938,207.468,-0.391,48.608999999999995,-0.094,84.906,0.0
1,2.0,yes,0.309,1.0090000000000001,,,1.0,2.0,spot-bound,296.66200000000003,20190127.0,bound,42.449,42.449,1.2,2.295,,,49.443999999999996,,spot,210.938,213.57,0.062,71.062,-0.25,23.75,0.0
2,3.0,yes,1.682,1.0090000000000001,,,1.0,3.0,spot-bound,308.322,20190127.0,bound,42.857,42.857,1.6130000000000002,2.8819999999999997,,,51.387,,spot,207.468,207.468,0.266,79.266,0.156,26.156,1.238
3,4.0,yes,0.355,1.0090000000000001,,,1.0,4.0,spot-bound,299.091,20190127.0,bound,43.02,43.02,1.515,2.7460000000000004,,,49.849,,spot,212.56,212.56,0.43799999999999994,67.438,0.45299999999999996,45.453,0.024
0,1.0,yes,0.5429999999999999,1.0090000000000001,,,1.0,1.0,spot-bound,311.355,20190127.0,bound,43.428999999999995,43.428999999999995,1.2,2.295,,,51.893,,spot,212.56,207.468,-0.141,47.858999999999995,-0.094,13.905999999999999,0.0
1,2.0,yes,0.49,1.0090000000000001,,,1.0,2.0,spot-bound,307.346,20190127.0,bound,43.468999999999994,43.468999999999994,1.214,2.316,,,51.224,,spot,209.18,213.57,0.078,71.078,0.25,46.25,0.027999999999999997
2,3.0,yes,0.44,1.0090000000000001,,,1.0,3.0,spot-bound,307.323,20190127.0,bound,43.347,43.347,1.209,2.309,,,51.22,,spot,207.44299999999998,214.13,-0.172,36.828,-0.344,60.656000000000006,0.0
0,1.0,yes,0.469,1.0090000000000001,,,1.0,1.0,spot-bound,312.492,20190127.0,bound,44.082,44.082,1.216,2.319,,,52.082,,spot,210.938,210.938,-0.062,45.938,0.516,68.516,0.016
1,2.0,yes,0.496,1.0090000000000001,,,1.0,2.0,spot-bound,293.556,20190127.0,bound,41.98,41.98,1.226,2.333,,,48.926,,spot,210.81400000000002,214.233,-0.25,50.75,0.109,49.108999999999995,0.036000000000000004
2,3.0,yes,0.493,1.011,,,1.0,3.0,spot-bound,274.983,20190127.0,bound,41.918,41.918,1.225,2.332,,,45.83,,spot,217.52900000000002,221.484,-0.078,25.921999999999997,0.375,12.375,0.024
3,4.0,yes,0.528,1.01,,,1.0,4.0,spot-bound,285.851,20190127.0,bound,40.531,40.531,1.22,2.325,,,47.641999999999996,,spot,209.264,214.563,0.484,28.484,0.45299999999999996,52.453,0.005
4,5.0,yes,0.33299999999999996,1.0090000000000001,,,1.0,5.0,spot-bound,308.518,20190127.0,bound,45.122,45.122,1.216,2.319,,,51.42,,spot,212.78099999999998,216.239,0.45299999999999996,79.453,0.406,84.406,0.0
0,1.0,yes,0.49700000000000005,1.01,,,1.0,1.0,spot-bound,294.32599999999996,20190127.0,bound,42.653,42.653,1.2,2.295,,,49.053999999999995,,spot,214.13,213.57,0.031,65.031,-0.266,26.734,0.0
1,2.0,yes,0.682,1.0090000000000001,,,1.0,2.0,spot-bound,303.611,20190127.0,bound,42.428999999999995,42.428999999999995,1.214,2.316,,,50.602,,spot,215.907,204.639,0.406,13.405999999999999,0.391,52.391000000000005,0.027999999999999997
2,3.0,yes,0.363,1.0090000000000001,,,1.0,3.0,spot-bound,312.52,20190127.0,bound,41.816,41.816,1.209,2.309,,,52.086999999999996,,spot,203.125,207.468,-0.42200000000000004,29.578000000000003,-0.344,73.656,0.0
0,1.0,yes,0.662,1.012,,,1.0,1.0,spot-bound,314.183,20190127.0,bound,77.633,77.633,1.38,2.555,,,52.364,,spot,279.018,283.413,-0.375,77.625,0.172,34.172,0.18
1,2.0,yes,0.746,1.012,,,1.0,2.0,spot-bound,305.49,20190127.0,bound,76.061,76.061,1.432,2.6289999999999996,,,50.915,,spot,288.319,276.718,0.42200000000000004,64.422,-0.125,50.875,0.285
2,3.0,yes,0.67,1.013,,,1.0,3.0,spot-bound,295.073,20190127.0,bound,73.347,73.347,1.39,2.569,,,49.178999999999995,,spot,288.319,279.018,-0.062,68.938,-0.42200000000000004,18.578,0.10400000000000001
3,4.0,yes,0.7490000000000001,1.014,,,1.0,4.0,spot-bound,285.08,20190127.0,bound,73.22399999999999,73.22399999999999,1.3719999999999999,2.543,,,47.513000000000005,,spot,292.89599999999996,281.25,-0.125,12.875,-0.281,19.719,0.11900000000000001
0,1.0,yes,0.8909999999999999,1.012,,,1.0,1.0,spot-bound,305.747,20190127.0,bound,74.265,74.265,1.4240000000000002,2.617,,,50.958,,spot,281.25,278.906,0.312,16.312,0.45299999999999996,51.453,0.22399999999999998
1,2.0,yes,0.715,1.013,,,1.0,2.0,spot-bound,299.888,20190127.0,bound,74.429,74.429,1.421,2.613,,,49.981,,spot,281.25,283.814,-0.344,35.656,0.359,14.359000000000002,0.218
2,3.0,yes,0.855,1.013,,,1.0,3.0,spot-bound,290.642,20190127.0,bound,72.286,72.286,1.4180000000000001,2.609,,,48.44,,spot,283.277,281.25,-0.125,49.875,0.125,90.125,0.213
3,4.0,yes,1.078,1.013,,,1.0,4.0,spot-bound,300.03700000000003,20190127.0,bound,74.469,74.469,1.4569999999999999,2.6639999999999997,,,50.006,,spot,281.25,283.413,-0.25,43.75,0.281,64.281,0.37200000000000005
0,1.0,yes,0.9940000000000001,1.012,,,1.0,1.0,spot-bound,293.341,20190127.0,bound,72.449,72.449,1.3940000000000001,2.575,,,48.89,,spot,278.906,285.645,-0.156,44.843999999999994,0.203,57.203,0.19399999999999998
1,2.0,yes,0.8220000000000001,1.013,,,1.0,2.0,spot-bound,304.534,20190127.0,bound,74.694,74.694,1.392,2.572,,,50.756,,spot,281.181,279.053,-0.266,63.733999999999995,0.172,88.17200000000001,0.19
2,3.0,yes,1.075,1.013,,,1.0,3.0,spot-bound,307.968,20190127.0,bound,76.531,76.531,1.436,2.634,,,51.328,,spot,278.906,283.447,-0.297,21.703000000000003,0.0,39.0,0.32299999999999995
0,1.0,yes,6.388999999999999,1.015,,,0.0,1.0,spot-bound,362.606,20190127.0,bound,135.878,135.878,3.9610000000000003,5.9510000000000005,,,60.434,,spot,290.108,468.475,0.078,87.07799999999999,-0.312,71.688,2.761
1,2.0,yes,0.895,1.013,,,1.0,2.0,spot-bound,301.32099999999997,20190127.0,bound,75.286,75.286,2.6889999999999996,4.329,,,50.22,,spot,283.447,283.413,0.266,50.266000000000005,0.016,71.016,0.218
2,3.0,yes,0.8640000000000001,1.013,,,1.0,3.0,spot-bound,301.123,20190127.0,bound,74.51,74.51,2.327,3.853,,,50.187,,spot,281.25,281.25,-0.297,23.703000000000003,-0.375,10.625,0.40299999999999997
0,1.0,yes,0.728,1.012,,,1.0,1.0,spot-bound,300.995,20190127.0,bound,73.531,73.531,1.442,2.6430000000000002,,,50.166000000000004,,spot,278.906,281.25,0.203,85.20299999999999,0.047,67.047,0.242
1,2.0,yes,0.9640000000000001,1.012,,,1.0,2.0,spot-bound,298.84,20190127.0,bound,72.796,72.796,1.354,2.5180000000000002,,,49.806999999999995,,spot,278.906,283.413,-0.484,41.516000000000005,0.42200000000000004,45.422,0.066
2,3.0,yes,0.997,1.012,,,1.0,3.0,spot-bound,305.617,20190127.0,bound,74.796,74.796,1.4180000000000001,2.609,,,50.93600000000001,,spot,281.25,279.053,0.0,22.0,-0.32799999999999996,60.672,0.34600000000000003
3,4.0,yes,0.5539999999999999,1.013,,,1.0,4.0,spot-bound,296.057,20190127.0,bound,71.816,71.816,1.411,2.5989999999999998,,,49.343,,spot,283.447,276.693,-0.469,25.531,-0.188,90.81200000000001,0.19
4,5.0,yes,0.894,1.013,,,1.0,5.0,spot-bound,295.367,20190127.0,bound,73.918,73.918,1.4,2.583,,,49.228,,spot,290.625,276.66,-0.062,89.93799999999999,-0.047,28.953000000000003,0.157
0,1.0,yes,0.7120000000000001,1.013,,,1.0,1.0,spot-bound,297.012,20190127.0,bound,72.755,72.755,1.466,2.676,,,49.501999999999995,,spot,281.25,278.906,0.125,48.125,0.23399999999999999,47.233999999999995,0.266
1,2.0,yes,0.897,1.012,,,1.0,2.0,spot-bound,304.657,20190127.0,bound,74.898,74.898,1.475,2.69,,,50.776,,spot,283.378,281.25,0.42200000000000004,83.42200000000001,-0.32799999999999996,47.672,0.285
2,3.0,yes,0.875,1.012,,,1.0,3.0,spot-bound,313.749,20190127.0,bound,75.653,75.653,1.4769999999999999,2.6919999999999997,,,52.292,,spot,278.906,276.855,-0.23399999999999999,17.766,0.406,24.406,0.28
3,4.0,yes,0.545,1.013,,,1.0,4.0,spot-bound,298.893,20190127.0,bound,73.633,73.633,1.469,2.681,,,49.816,,spot,281.25,281.25,-0.391,80.609,0.42200000000000004,74.422,0.247
0,1.0,yes,2.3369999999999997,1.013,,,0.0,1.0,spot-bound,309.005,20190127.0,bound,73.571,73.571,4.831,7.029,,,51.501000000000005,,spot,272.461,264.519,0.047,11.047,0.391,30.391,3.6310000000000002
1,2.0,yes,0.843,1.013,,,1.0,2.0,spot-bound,295.607,20190127.0,bound,73.102,73.102,3.127,4.895,,,49.268,,spot,281.61400000000003,283.378,0.312,46.312,-0.375,88.625,0.223
2,3.0,yes,0.848,1.013,,,1.0,3.0,spot-bound,296.765,20190127.0,bound,73.469,73.469,2.549,4.146,,,49.461000000000006,,spot,279.018,285.645,-0.094,27.906,0.047,43.047,0.19399999999999998
0,1.0,yes,0.7959999999999999,1.012,,,1.0,1.0,spot-bound,315.416,20190127.0,bound,77.306,77.306,1.413,2.602,,,52.568999999999996,,spot,278.906,281.25,-0.062,12.937999999999999,0.156,86.156,0.213
1,2.0,yes,0.713,1.013,,,1.0,2.0,spot-bound,294.66200000000003,20190127.0,bound,74.122,74.122,1.396,2.577,,,49.11,,spot,283.277,283.447,0.0,8.0,-0.23399999999999999,11.765999999999998,0.17800000000000002
2,3.0,yes,0.8290000000000001,1.013,,,1.0,3.0,spot-bound,291.67400000000004,20190127.0,bound,72.571,72.571,1.402,2.585,,,48.611999999999995,,spot,278.906,285.645,0.188,9.187999999999999,0.23399999999999999,60.233999999999995,0.213
3,4.0,yes,0.993,1.013,,,1.0,4.0,spot-bound,294.751,20190127.0,bound,74.143,74.143,1.405,2.59,,,49.125,,spot,285.507,283.447,0.141,27.141,-0.156,74.844,0.213
0,1.0,yes,0.968,1.013,,,1.0,1.0,spot-bound,296.467,20190127.0,bound,73.592,73.592,1.432,2.6289999999999996,,,49.411,,spot,283.447,281.046,-0.078,59.922,0.25,62.25,0.23199999999999998
1,2.0,yes,0.7759999999999999,1.012,,,1.0,2.0,spot-bound,313.189,20190127.0,bound,74.878,74.878,1.4769999999999999,2.693,,,52.198,,spot,274.41200000000003,279.018,0.32799999999999996,80.328,0.42200000000000004,56.422,0.32299999999999995
2,3.0,yes,0.8490000000000001,1.013,,,1.0,3.0,spot-bound,294.055,20190127.0,bound,74.163,74.163,1.413,2.602,,,49.00899999999999,,spot,283.413,286.084,-0.516,10.484000000000002,-0.062,75.938,0.085
3,4.0,yes,0.693,1.013,,,1.0,4.0,spot-bound,297.778,20190127.0,bound,74.184,74.184,1.4380000000000002,2.637,,,49.63,,spot,283.413,281.25,0.266,58.266000000000005,0.109,35.109,0.31
4,5.0,yes,0.963,1.013,,,1.0,5.0,spot-bound,291.218,20190127.0,bound,72.673,72.673,1.4509999999999998,2.655,,,48.536,,spot,283.447,283.413,0.391,85.391,0.266,69.266,0.304
0,1.0,yes,1.124,1.018,,,1.0,1.0,spot-bound,310.98900000000003,20190127.0,bound,109.755,109.755,2.362,3.8989999999999996,,,51.832,,spot,337.874,352.648,0.25,78.25,0.094,59.093999999999994,1.162
1,2.0,yes,1.5090000000000001,1.018,,,1.0,2.0,spot-bound,310.105,20190127.0,bound,110.38799999999999,110.38799999999999,3.6069999999999998,5.507000000000001,,,51.684,,spot,339.161,342.439,-0.094,79.906,-0.125,30.875,3.6519999999999997
2,3.0,yes,20.249000000000002,1.02,,,0.0,3.0,spot-bound,295.063,20190127.0,bound,113.286,113.286,15.133,19.023,,,49.177,,spot,281.25,297.62,-0.156,60.843999999999994,-0.516,9.484,36.985
3,4.0,yes,2.415,1.018,,,0.0,4.0,spot-bound,314.606,20190127.0,bound,109.87799999999999,109.87799999999999,13.465,17.134,,,52.434,,spot,323.414,333.981,0.141,65.141,-0.391,18.609,7.26
4,5.0,yes,1.171,1.018,,,1.0,5.0,spot-bound,303.51099999999997,20190127.0,bound,107.061,107.061,11.52,14.914000000000001,,,50.585,,spot,342.773,339.89,-0.125,7.875,-0.42200000000000004,65.578,2.5380000000000003
0,,yes,1.421,1.0170000000000001,,,1.0,1.0,spot-bound,311.77,20190127.0,bound,109.245,109.245,5.279,7.577000000000001,,,51.961999999999996,,spot,337.17,336.491,0.188,54.188,-0.188,72.812,4.079
1,,yes,1.46,1.018,,,1.0,2.0,spot-bound,310.945,20190127.0,bound,109.61200000000001,109.61200000000001,4.734,6.91,,,51.824,,spot,339.89,340.981,-0.172,83.82799999999999,0.344,70.344,2.988
2,,yes,1.0390000000000001,1.018,,,1.0,3.0,spot-bound,306.06,20190127.0,bound,109.65299999999999,109.65299999999999,3.91,5.8870000000000005,,,51.01,,spot,350.0,350.0,0.469,42.468999999999994,-0.406,7.593999999999999,1.061
0,,yes,1.193,1.0190000000000001,,,1.0,1.0,spot-bound,300.93,20190127.0,bound,109.061,109.061,3.138,4.909,,,50.155,,spot,355.469,343.015,0.297,35.297,-0.203,54.797,1.9380000000000002
1,,yes,1.177,1.018,,,1.0,2.0,spot-bound,313.059,20190127.0,bound,110.61200000000001,110.61200000000001,2.968,4.691,,,52.177,,spot,344.531,343.195,-0.297,11.703,-0.188,80.812,1.599
2,,yes,4.953,1.0190000000000001,,,0.0,3.0,spot-bound,307.513,20190127.0,bound,108.08200000000001,108.08200000000001,7.229,9.917,,,51.251999999999995,,spot,321.16200000000003,311.308,-0.42200000000000004,43.578,-0.031,51.968999999999994,14.549000000000001
0,,yes,1.205,1.0170000000000001,,,1.0,2.0,spot-bound,318.988,20190127.0,bound,111.837,111.837,5.978,8.423,,,53.165,,spot,340.81699999999995,340.05400000000003,-0.266,52.733999999999995,0.125,29.125,2.6919999999999997
1,,yes,1.7930000000000001,1.0190000000000001,,,1.0,3.0,spot-bound,303.491,20190127.0,bound,108.34700000000001,108.34700000000001,5.682,8.065,,,50.582,,spot,342.773,337.17,-0.016,46.983999999999995,-0.266,74.734,3.89
0,,yes,1.1520000000000001,1.018,,,1.0,1.0,spot-bound,312.593,20190127.0,bound,111.163,111.163,3.4960000000000004,5.365,,,52.099,,spot,351.102,337.25,-0.078,87.92200000000001,-0.109,21.891,2.296
1,,yes,0.935,1.018,,,1.0,2.0,spot-bound,306.449,20190127.0,bound,107.77600000000001,107.77600000000001,2.7939999999999996,4.465,,,51.075,,spot,344.531,350.0,0.42200000000000004,21.421999999999997,-0.484,19.516,0.892
2,,yes,1.334,1.018,,,1.0,3.0,spot-bound,313.697,20190127.0,bound,109.85700000000001,109.85700000000001,2.971,4.694,,,52.283,,spot,335.653,345.45099999999996,-0.21899999999999997,71.781,0.062,90.06200000000001,2.125
0,,yes,1.276,1.0170000000000001,,,1.0,1.0,spot-bound,315.82099999999997,20190127.0,bound,110.551,110.551,3.137,4.908,,,52.637,,spot,346.884,340.13699999999994,0.266,75.266,0.484,34.484,1.9369999999999998
1,,yes,1.0590000000000002,1.02,,,1.0,2.0,spot-bound,296.837,20190127.0,bound,107.91799999999999,107.91799999999999,3.2739999999999996,5.083,,,49.473,,spot,348.375,345.285,-0.047,45.953,-0.031,79.969,2.21
2,,yes,1.268,1.018,,,1.0,3.0,spot-bound,305.1,20190127.0,bound,107.32700000000001,107.32700000000001,3.4760000000000004,5.34,,,50.85,,spot,339.89,342.773,0.45299999999999996,11.453,-0.047,8.953,2.68
3,,yes,1.4080000000000001,1.0170000000000001,,,1.0,4.0,spot-bound,307.998,20190127.0,bound,106.22399999999999,106.22399999999999,3.3160000000000003,5.1370000000000005,,,51.333,,spot,341.022,340.096,0.5,16.5,-0.45299999999999996,20.546999999999997,1.636
4,,yes,1.446,1.0190000000000001,,,1.0,5.0,spot-bound,304.52,20190127.0,bound,109.265,109.265,3.505,5.377000000000001,,,50.753,,spot,342.60900000000004,342.773,0.062,81.062,0.078,78.078,3.0589999999999997
0,,yes,1.0759999999999998,1.016,,,1.0,1.0,spot-bound,322.82099999999997,20190127.0,bound,110.714,110.714,3.278,5.088,,,53.803999999999995,,spot,338.459,337.255,0.281,10.280999999999999,0.21899999999999997,49.218999999999994,2.0780000000000003
1,,yes,1.328,1.018,,,1.0,2.0,spot-bound,298.219,20190127.0,bound,105.714,105.714,3.3539999999999996,5.185,,,49.703,,spot,345.285,343.015,-0.484,10.515999999999998,-0.062,61.938,2.231
2,,yes,0.9209999999999999,1.0190000000000001,,,1.0,3.0,spot-bound,297.85200000000003,20190127.0,bound,107.449,107.449,3.0189999999999997,4.757,,,49.641999999999996,,spot,349.915,352.73400000000004,-0.344,61.656000000000006,-0.32799999999999996,19.672,1.149
0,,yes,1.15,1.018,,,1.0,1.0,spot-bound,308.427,20190127.0,bound,109.286,109.286,2.694,4.336,,,51.403999999999996,,spot,347.181,345.695,0.484,79.484,0.062,67.062,1.494
1,,yes,1.294,1.018,,,1.0,2.0,spot-bound,298.947,20190127.0,bound,106.91799999999999,106.91799999999999,2.802,4.476,,,49.825,,spot,341.022,352.69199999999995,-0.203,70.797,0.281,19.281,1.71
2,,yes,0.9179999999999999,1.018,,,1.0,3.0,spot-bound,304.541,20190127.0,bound,108.02,108.02,2.7039999999999997,4.349,,,50.757,,spot,349.915,341.022,-0.406,57.593999999999994,-0.203,29.796999999999997,1.3090000000000002
3,,yes,0.9470000000000001,1.02,,,1.0,4.0,spot-bound,294.337,20190127.0,bound,107.551,107.551,2.62,4.239,,,49.056000000000004,,spot,355.469,350.0,0.141,40.141,0.42200000000000004,36.422,1.167
0,,yes,1.395,1.018,,,1.0,1.0,spot-bound,310.075,20190127.0,bound,109.735,109.735,4.046,6.057,,,51.678999999999995,,spot,340.775,342.773,0.281,67.281,0.172,66.172,2.846
1,,yes,1.185,1.0170000000000001,,,1.0,3.0,spot-bound,316.897,20190127.0,bound,110.837,110.837,5.107,7.3660000000000005,,,52.816,,spot,339.722,337.25,0.078,22.078000000000003,-0.141,73.859,3.1239999999999997
2,,yes,1.7309999999999999,1.018,,,1.0,4.0,spot-bound,311.307,20190127.0,bound,108.51,108.51,5.095,7.352,,,51.885,,spot,336.293,337.088,-0.297,68.703,0.23399999999999999,28.234,3.858
3,,yes,1.36,1.018,,,1.0,5.0,spot-bound,306.115,20190127.0,bound,106.429,106.429,4.923,7.141,,,51.019,,spot,342.773,334.536,-0.5,82.5,-0.156,52.843999999999994,3.036
0,,yes,1.493,1.018,,,1.0,1.0,spot-bound,308.117,20190127.0,bound,108.796,108.796,4.678,6.841,,,51.353,,spot,337.25,342.60900000000004,0.125,91.125,0.031,38.031,3.478
1,,yes,1.392,1.0190000000000001,,,1.0,2.0,spot-bound,299.214,20190127.0,bound,106.51,106.51,4.22,6.274,,,49.869,,spot,342.773,343.501,0.031,38.031,-0.172,90.82799999999999,2.5610000000000004
2,,yes,1.161,1.018,,,1.0,3.0,spot-bound,311.07,20190127.0,bound,110.061,110.061,3.98,5.975,,,51.845,,spot,340.981,345.285,-0.266,33.734,-0.359,36.641,2.301
3,,yes,1.1740000000000002,1.02,,,1.0,4.0,spot-bound,294.522,20190127.0,bound,107.755,107.755,3.63,5.535,,,49.086999999999996,,spot,345.731,358.246,0.094,29.094,0.469,77.469,1.38
0,,yes,1.358,1.0270000000000001,,,1.0,1.0,spot-bound,304.59,20190127.0,bound,141.16299999999998,141.16299999999998,4.383,6.476,,,50.765,,spot,412.399,412.399,0.094,50.093999999999994,0.359,34.359,3.1830000000000003
1,,yes,1.295,1.026,,,1.0,2.0,spot-bound,308.962,20190127.0,bound,140.612,140.612,4.361000000000001,6.45,,,51.494,,spot,412.598,406.25,0.172,11.172,-0.42200000000000004,10.578,3.14
2,,yes,1.4269999999999998,1.0270000000000001,,,1.0,3.0,spot-bound,302.258,20190127.0,bound,137.63299999999998,137.63299999999998,4.606,6.752000000000001,,,50.376000000000005,,spot,406.055,409.374,-0.21899999999999997,58.781000000000006,0.359,79.359,3.8960000000000004
3,,yes,1.588,1.0270000000000001,,,1.0,4.0,spot-bound,297.486,20190127.0,bound,134.959,134.959,4.724,6.897,,,49.581,,spot,406.055,409.277,0.484,8.484,0.469,51.468999999999994,3.875
0,,yes,1.266,1.0270000000000001,,,1.0,1.0,spot-bound,309.332,20190127.0,bound,142.49,142.49,4.553999999999999,6.687,,,51.555,,spot,409.227,412.5,0.047,55.047,0.297,61.297,3.3539999999999996
1,,yes,1.308,1.028,,,1.0,2.0,spot-bound,299.48,20190127.0,bound,139.571,139.571,4.575,6.7139999999999995,,,49.913000000000004,,spot,412.598,415.472,0.25,8.25,-0.062,30.938000000000002,3.3960000000000004
2,,yes,1.183,1.0270000000000001,,,1.0,3.0,spot-bound,301.87,20190127.0,bound,137.878,137.878,5.225,7.511,,,50.312,,spot,403.07599999999996,405.286,0.141,84.141,-0.281,10.719000000000001,5.325
3,,yes,1.2,1.0270000000000001,,,1.0,4.0,spot-bound,303.575,20190127.0,bound,139.796,139.796,5.176,7.4510000000000005,,,50.596000000000004,,spot,409.374,412.399,0.266,33.266,-0.32799999999999996,82.67200000000001,3.8289999999999997
4,,yes,1.117,1.0290000000000001,,,1.0,5.0,spot-bound,294.5,20190127.0,bound,137.245,137.245,5.125,7.388,,,49.083,,spot,415.723,412.598,-0.297,13.703,-0.141,13.859000000000002,3.719
0,,yes,0.878,1.0270000000000001,,,1.0,1.0,spot-bound,303.103,20190127.0,bound,139.347,139.347,4.908,7.122999999999999,,,50.516999999999996,,spot,415.421,406.25,0.0,33.0,-0.516,8.484,3.708
1,,yes,1.38,1.028,,,1.0,2.0,spot-bound,302.914,20190127.0,bound,141.347,141.347,4.605,6.751,,,50.486000000000004,,spot,412.399,418.945,0.078,48.078,-0.469,74.531,3.102
2,,yes,1.2009999999999998,1.0270000000000001,,,1.0,3.0,spot-bound,302.118,20190127.0,bound,138.571,138.571,4.686,6.851,,,50.353,,spot,412.5,409.277,0.484,26.484,-0.45299999999999996,64.547,3.648
3,,yes,1.237,1.03,,,1.0,8.0,spot-bound,293.726,20190127.0,bound,138.898,138.898,4.7410000000000005,6.917999999999999,,,48.95399999999999,,spot,418.945,415.421,0.188,77.188,0.23399999999999999,77.234,3.705
0,,yes,1.16,1.0270000000000001,,,1.0,1.0,spot-bound,306.27,20190127.0,bound,140.429,140.429,5.256,7.5489999999999995,,,51.045,,spot,406.055,409.374,0.016,21.016,0.266,44.266000000000005,4.056
1,,yes,1.156,1.028,,,1.0,2.0,spot-bound,295.44,20190127.0,bound,137.959,137.959,5.088,7.343,,,49.24,,spot,418.945,412.598,-0.031,37.969,-0.43799999999999994,80.562,3.719
0,,yes,1.166,1.026,,,1.0,1.0,spot-bound,303.735,20190127.0,bound,139.857,139.857,5.19,7.468,,,50.623000000000005,,spot,409.277,412.598,-0.42200000000000004,60.578,0.266,42.266000000000005,3.99
1,,yes,1.0959999999999999,1.0270000000000001,,,1.0,2.0,spot-bound,304.973,20190127.0,bound,139.878,139.878,5.184,7.461,,,50.82899999999999,,spot,406.055,409.374,0.21899999999999997,58.218999999999994,-0.203,76.797,3.9789999999999996
2,,yes,1.5119999999999998,1.0270000000000001,,,1.0,3.0,spot-bound,292.74,20190127.0,bound,135.061,135.061,4.925,7.144,,,48.79,,spot,418.945,409.277,0.43799999999999994,41.438,0.094,77.094,3.207
3,,yes,1.29,1.028,,,1.0,4.0,spot-bound,291.634,20190127.0,bound,133.796,133.796,4.857,7.061,,,48.606,,spot,409.374,412.20099999999996,-0.062,16.938,-0.45299999999999996,44.547,3.4530000000000003
0,,yes,1.038,1.0270000000000001,,,1.0,1.0,spot-bound,304.26099999999997,20190127.0,bound,139.55100000000002,139.55100000000002,5.107,7.367000000000001,,,50.71,,spot,409.374,406.25,0.266,56.266000000000005,-0.047,88.95299999999999,3.907
1,,yes,1.337,1.026,,,1.0,2.0,spot-bound,302.945,20190127.0,bound,137.429,137.429,5.154,7.4239999999999995,,,50.49100000000001,,spot,406.055,406.25,-0.047,76.953,-0.406,67.594,4.001
2,,yes,1.148,1.028,,,1.0,3.0,spot-bound,301.082,20190127.0,bound,138.63299999999998,138.63299999999998,5.061,7.311,,,50.18,,spot,415.472,406.25,0.188,28.188000000000002,0.312,91.31200000000001,3.676
3,,yes,1.252,1.0270000000000001,,,1.0,4.0,spot-bound,296.954,20190127.0,bound,136.898,136.898,4.95,7.175,,,49.492,,spot,415.723,412.399,0.45299999999999996,23.453000000000003,0.172,14.172,3.415
0,,yes,1.433,1.038,,,1.0,1.0,Undefined-bound,302.35200000000003,20190127.0,bound,165.81599999999997,165.81599999999997,8.405,11.304,,,50.391999999999996,,Undefined,475.845,467.904,0.5,81.5,0.43799999999999994,9.437999999999999,7.205
1,,yes,1.3030000000000002,1.044,,,1.0,2.0,Undefined-bound,293.165,20190127.0,bound,164.082,164.082,8.032,10.867,,,48.861000000000004,,Undefined,483.05699999999996,476.074,0.078,13.078,0.406,56.406000000000006,6.46
2,,yes,1.361,1.045,,,1.0,3.0,Undefined-bound,295.221,20190127.0,bound,164.429,164.429,8.413,11.314,,,49.203,,Undefined,468.75,471.88,0.391,50.391000000000005,-0.062,45.938,7.975
3,,yes,1.273,1.041,,,1.0,4.0,Undefined-bound,293.58799999999997,20190127.0,bound,164.51,164.51,8.765,11.725999999999999,,,48.931000000000004,,Undefined,472.10699999999997,476.074,-0.047,53.953,-0.32799999999999996,61.672,8.62
4,,yes,1.422,1.043,,,1.0,5.0,Undefined-bound,287.82,20190127.0,bound,162.469,162.469,8.95,11.942,,,47.97,,Undefined,490.952,464.5,-0.23399999999999999,29.766,0.43799999999999994,74.438,8.491
0,,yes,1.6130000000000002,1.041,,,1.0,1.0,spot-bound,294.72700000000003,20190127.0,bound,163.44899999999998,163.44899999999998,17.312,21.473000000000003,,,49.121,,spot,444.286,451.01099999999997,-0.266,38.734,-0.25,15.75,16.112000000000002
1,,yes,1.462,1.042,,,1.0,2.0,spot-bound,298.181,20190127.0,bound,165.653,165.653,15.495,19.430999999999997,,,49.696999999999996,,spot,456.585,459.565,0.172,44.172,0.23399999999999999,75.234,12.478
2,,yes,1.421,1.041,,,1.0,3.0,Undefined-bound,300.005,20190127.0,bound,167.49,167.49,13.710999999999999,17.414,,,50.001000000000005,,Undefined,468.41900000000004,476.074,-0.21899999999999997,49.781000000000006,0.312,51.312,8.943
3,,yes,0.96,1.043,,,1.0,4.0,Undefined-bound,307.438,20190127.0,bound,171.16299999999998,171.16299999999998,12.436,15.962,,,51.24,,Undefined,467.574,470.421,0.109,53.108999999999995,0.078,92.07799999999999,7.409
0,,yes,0.985,1.035,,,1.0,2.0,Undefined-bound,305.885,20190127.0,bound,167.102,167.102,23.261,28.083000000000002,,,50.981,,Undefined,464.5,460.76199999999994,-0.5,62.5,0.32799999999999996,55.328,9.751
1,,yes,1.8969999999999998,1.0390000000000001,,,1.0,3.0,spot-bound,300.735,20190127.0,bound,168.755,168.755,24.256,29.180999999999997,,,50.122,,spot,435.01300000000003,421.36800000000005,-0.141,42.858999999999995,0.125,18.125,25.046
2,,yes,1.4269999999999998,1.043,,,1.0,4.0,Undefined-bound,299.507,20190127.0,bound,169.53099999999998,169.53099999999998,20.785999999999998,25.345,,,49.918,,Undefined,471.88,476.074,0.281,34.281,-0.141,9.859,9.175
3,,yes,1.214,1.042,,,1.0,5.0,Undefined-bound,303.67900000000003,20190127.0,bound,168.16299999999998,168.16299999999998,18.483,22.781999999999996,,,50.613,,Undefined,464.17199999999997,467.904,0.031,82.031,-0.297,65.703,8.074
0,,yes,1.3519999999999999,1.04,,,1.0,3.0,Undefined-bound,298.906,20190127.0,bound,165.77599999999998,165.77599999999998,21.555,26.198,,,49.818000000000005,,Undefined,459.45300000000003,468.475,0.125,68.125,-0.25,84.75,10.395
1,,yes,1.5590000000000002,1.043,,,1.0,4.0,Undefined-bound,293.38,20190127.0,bound,164.51,164.51,18.938,23.289,,,48.897,,Undefined,475.845,464.8,-0.406,10.594000000000001,0.125,42.125,9.885
0,,yes,1.611,1.046,,,1.0,1.0,Undefined-bound,295.433,20190127.0,bound,166.49,166.49,11.161,14.502,,,49.239,,Undefined,471.88,467.961,0.047,43.047,0.297,53.297,9.961
1,,yes,1.337,1.038,,,1.0,2.0,Undefined-bound,302.017,20190127.0,bound,165.735,165.735,10.769,14.050999999999998,,,50.336000000000006,,Undefined,472.07,458.221,-0.094,79.906,0.5,87.5,9.177
2,,yes,1.531,1.044,,,1.0,3.0,spot-bound,301.95,20190127.0,bound,167.571,167.571,12.243,15.742,,,50.325,,spot,452.16,452.105,-0.047,20.953000000000003,0.062,87.06200000000001,13.99
0,,,,,,,,3.0,,,20190127.0,,,,,,2.0,1.0,,0.0,,,,,20.953000000000003,,87.06200000000001,
