, ,Above threshold?,Chi^2,Correlation Coefficient,"Directory: C:\Users\Markus\LittleHelpers\ConfocalSimulation\Experiments\20190127000005\, redtitle: 20190127000005.bin.counts_ch1.stack.tif","Directory: C:\Users\Markus\LittleHelpers\ConfocalSimulation\Experiments\20190127000008\, redtitle: 20190127000008.bin.counts_ch1.stack.tif","Directory: C:\Users\Markus\LittleHelpers\ConfocalSimulation\Experiments\20190127000015\, redtitle: 20190127000015.bin.counts_ch1.stack.tif","Directory: C:\Users\Markus\LittleHelpers\ConfocalSimulation\Experiments\20190127000026\, redtitle: 20190127000026.bin.counts_ch1.stack.tif","Directory: C:\Users\Markus\LittleHelpers\ConfocalSimulation\Experiments\20190127000038\, redtitle: 20190127000038.bin.counts_ch1.stack.tif","Directory: C:\Users\Markus\LittleHelpers\ConfocalSimulation\Experiments\20190127000056\, redtitle: 20190127000056.bin.counts_ch1.stack.tif","Directory: C:\Users\Markus\LittleHelpers\ConfocalSimulation\Experiments\20190127000064\, redtitle: 20190127000064.bin.counts_ch1.stack.tif",Good?,ROI,Shape-Binding,a,date,free or bound?,iFirst,iSecond,pthresh,realthreshold,stoichiometry,streak or spot?,wx,wy,x0,xpos,y0,ypos,z
0,1.0,yes,1.507,1.008,,,,,,,,1.0,3.0,streak-bound,310.723,20190127.0,bound,43.408,43.408,11.011,14.33,27.019000000000002,streak,412.5,116.42200000000001,0.0,32.0,0.32799999999999996,72.328,0.414
0,1.0,yes,8.258,1.01,,,,,,,,0.0,1.0,Undefined-bound,300.126,20190127.0,bound,63.041000000000004,63.041000000000004,10.728,14.003,26.098000000000003,Undefined,393.555,160.675,-0.344,42.656000000000006,0.0,60.0,8.427999999999999
1,2.0,yes,19.891,1.022,,,,,,,,0.0,2.0,Undefined-bound,244.953,20190127.0,bound,119.469,119.469,8.482000000000001,11.395,21.3,Undefined,486.19300000000004,428.048,-0.42200000000000004,15.578,-0.062,42.938,3.937
2,3.0,yes,19.364,1.016,,,,,,,,0.0,3.0,spot-bound,244.255,20190127.0,bound,96.061,96.061,9.21,12.245,21.24,spot,447.592,332.06199999999995,0.359,60.358999999999995,-0.203,17.797,8.366
3,4.0,yes,6.968,1.034,,,,,,,,0.0,5.0,Undefined-bound,98.234,20190127.0,bound,30.408,30.408,9.675,12.785,8.542,Undefined,493.79,231.592,-0.32799999999999996,12.672,-0.141,33.859,3.801
0,1.0,yes,33.565,1.011,,,,,,,,0.0,4.0,spot-bound,316.991,20190127.0,bound,101.041,101.041,27.924,33.208,27.564,spot,383.65,218.024,0.516,19.516,-0.266,50.733999999999995,38.052
1,2.0,yes,38.196,1.018,,,,,,,,0.0,5.0,spot-bound,237.61700000000002,20190127.0,bound,124.184,124.184,40.556999999999995,46.926,20.662,spot,332.06199999999995,248.047,-0.21899999999999997,48.781000000000006,0.21899999999999997,30.219,76.157
2,3.0,yes,24.72,1.023,,,,,,,,0.0,8.0,Undefined-bound,230.65200000000002,20190127.0,bound,119.65299999999999,119.65299999999999,32.035,37.695,20.057000000000002,Undefined,495.60900000000004,472.10699999999997,0.23399999999999999,49.233999999999995,0.031,24.031,5.019
0,1.0,yes,7.115,1.013,,,,,,,,0.0,2.0,spot-bound,303.628,20190127.0,bound,85.449,85.449,18.04,22.288,26.401999999999997,spot,393.75,213.57,0.047,37.047,-0.125,39.875,10.989
0,1.0,yes,16.725,1.012,,,,,,,,0.0,1.0,spot-bound,207.597,20190127.0,bound,65.531,65.531,4.566,6.702000000000001,18.052,spot,483.048,278.7,-0.484,60.516000000000005,0.547,78.547,2.266
1,2.0,yes,23.51,1.011,,,,,,,,0.0,4.0,streak-bound,302.219,20190127.0,bound,57.592,57.592,18.752,23.083000000000002,26.28,streak,421.62800000000004,95.867,0.312,74.312,-0.297,18.703,33.17
0,1.0,yes,18.975,1.016,,,,,,,,0.0,4.0,spot-bound,187.19099999999997,20190127.0,bound,68.061,68.061,9.789,12.917,16.277,spot,443.061,331.233,0.21899999999999997,79.219,0.031,34.031,5.277
0,1.0,yes,14.587,1.023,,,,,,,,0.0,1.0,spot-bound,334.981,20190127.0,bound,157.36700000000002,157.36700000000002,9.742,12.864,29.129,spot,461.56,381.16900000000004,-0.375,21.625,0.562,35.562,7.442
0,1.0,yes,12.898,1.015,,,,,,,,0.0,1.0,spot-bound,323.243,20190127.0,bound,128.714,128.714,5.82,8.232000000000001,28.108,spot,461.63599999999997,326.103,0.031,15.030999999999999,0.45299999999999996,51.453,3.52
1,2.0,yes,22.543000000000003,1.016,,,,,,,,0.0,2.0,spot-bound,305.164,20190127.0,bound,133.63299999999998,133.63299999999998,11.964,15.422,26.535999999999998,spot,457.35400000000004,335.735,-0.047,7.952999999999999,-0.547,34.453,15.808
0,1.0,yes,59.65,1.013,,,,,,,,0.0,2.0,spot-bound,197.56799999999998,20190127.0,bound,100.61200000000001,100.61200000000001,71.39,79.839,17.18,spot,453.075,259.763,-0.047,68.953,-0.42200000000000004,33.578,62.174
1,2.0,yes,29.825,1.0090000000000001,,,,,,,,0.0,3.0,streak-bound,318.52,20190127.0,bound,51.041000000000004,51.041000000000004,58.806999999999995,66.476,27.697,streak,364.319,91.073,0.062,58.062,0.23399999999999999,70.234,31.340999999999998
2,3.0,yes,6.475,1.021,,,,,,,,0.0,9.0,streak-bound,121.155,20190127.0,bound,22.49,22.49,38.665,44.883,10.535,streak,453.781,125.946,0.094,8.094,-0.094,31.906,6.709
0,1.0,yes,4.087,1.0190000000000001,,,,,,,,0.0,2.0,streak-bound,132.599,20190127.0,bound,17.041,17.041,5.232,7.519,11.53,streak,402.68300000000005,105.72200000000001,-0.297,25.703000000000003,0.344,39.344,2.714
0,1.0,yes,9.029,1.008,,,,,,,,0.0,7.0,streak-bound,320.249,20190127.0,bound,39.449,39.449,17.837,22.06,27.848000000000003,streak,484.375,86.736,-0.016,81.984,0.312,29.311999999999998,5.968
1,2.0,yes,2.4619999999999997,1.0490000000000002,,,,,,,,0.0,38.0,streak-bound,26.998,20190127.0,bound,2.245,2.245,13.062000000000001,16.677,2.3480000000000003,streak,274.556,22.768,-0.281,8.719,0.0,83.0,1.6059999999999999
0,1.0,yes,7.926,1.037,,,,,,,,0.0,39.0,streak-bound,39.366,20190127.0,bound,3.306,3.306,8.155,11.01,3.423,streak,321.19599999999997,22.768,0.469,24.469,0.0,16.0,0.72
0,1.0,yes,7.266,1.01,,,,,,,,0.0,2.0,Undefined-bound,284.461,20190127.0,bound,56.468999999999994,56.468999999999994,6.57,9.134,24.736,Undefined,412.5,158.203,-0.344,76.656,-0.109,29.891,5.439
0,1.0,yes,4.563,1.0090000000000001,,,,,,,,0.0,8.0,streak-bound,260.986,20190127.0,bound,35.611999999999995,35.611999999999995,7.712000000000001,10.489,22.694000000000003,streak,476.80699999999996,107.4,-0.031,9.969,0.344,91.344,1.227
1,2.0,yes,8.411,1.0090000000000001,,,,,,,,0.0,10.0,streak-bound,313.63599999999997,20190127.0,bound,44.06100000000001,44.06100000000001,7.827999999999999,10.626,27.273000000000003,streak,454.586,105.68,-0.312,51.688,-0.406,52.593999999999994,5.879
2,3.0,yes,1.12,1.063,,,,,,,,1.0,15.0,streak-bound,28.826999999999998,20190127.0,bound,4.306,4.306,6.776,9.379,2.5069999999999997,streak,479.56300000000005,125.961,-0.5,68.5,-0.203,89.79700000000001,0.267
0,1.0,yes,12.667,1.01,,,,,,,,0.0,1.0,Undefined-bound,270.255,20190127.0,bound,58.49,58.49,12.077,15.552,23.5,Undefined,455.09,165.696,0.297,48.297,0.297,58.297,9.777000000000001
1,2.0,yes,15.321,1.026,,,,,,,,0.0,2.0,spot-bound,201.658,20190127.0,bound,84.469,84.469,7.995,10.822000000000001,17.535,spot,435.059,390.67400000000004,-0.031,85.969,-0.297,55.703,1.6130000000000002
0,1.0,yes,19.974,1.018,,,,,,,,0.0,7.0,streak-bound,157.969,20190127.0,bound,35.388000000000005,35.388000000000005,8.35,11.24,13.735999999999999,streak,394.939,142.754,-0.156,66.844,-0.21899999999999997,87.781,18.777
1,2.0,no,2.765,1.209,,,,,,,,0.0,36.0,spot-bound,8.877,20190127.0,bound,3.429,3.429,7.479,10.214,0.772,spot,463.184,406.853,-0.188,36.812,-0.7809999999999999,36.219,0.8220000000000001
0,1.0,yes,44.449,1.008,,,,,,,,0.0,5.0,streak-bound,326.381,20190127.0,bound,45.367,45.367,18.774,23.107,28.381,streak,352.958,69.71300000000001,-0.42200000000000004,52.578,-0.25,47.75,42.717
1,2.0,yes,48.461999999999996,1.011,,,,,,,,0.0,8.0,spot-bound,233.05,20190127.0,bound,92.08200000000001,92.08200000000001,16.143,20.160999999999998,20.265,spot,415.621,465.459,-0.375,82.625,-0.45299999999999996,76.547,6.645
2,3.0,yes,1.403,1.026,,,,,,,,1.0,68.0,streak-bound,22.515,20190127.0,bound,2.898,2.898,12.918,16.512,1.9580000000000002,streak,403.07599999999996,148.828,0.203,11.203,0.32799999999999996,80.328,0.013999999999999999
3,4.0,yes,0.14400000000000002,0.9940000000000001,,,,,,,,1.0,85.0,streak-bound,21.737,20190127.0,bound,1.6119999999999999,1.6119999999999999,12.035,15.504000000000001,1.89,streak,405.499,60.023,-0.141,15.859000000000002,-0.203,28.796999999999997,0.024
0,1.0,yes,40.641999999999996,1.0090000000000001,,,,,,,,0.0,1.0,streak-bound,326.77299999999997,20190127.0,bound,86.061,86.061,49.388999999999996,56.416000000000004,28.415,streak,427.088,142.06,-0.391,25.609,-0.25,34.75,47.089
1,2.0,yes,32.61,1.01,,,,,,,,0.0,2.0,spot-bound,304.259,20190127.0,bound,106.65299999999999,106.65299999999999,38.562,44.772,26.456999999999997,spot,431.60699999999997,281.046,-0.031,13.969000000000001,-0.43799999999999994,11.562000000000001,25.436
2,3.0,yes,64.12899999999999,1.0090000000000001,,,,,,,,0.0,6.0,streak-bound,223.24099999999999,20190127.0,bound,41.224,41.224,29.949,35.421,19.412,streak,281.25,23.305999999999997,0.406,19.406,-0.016,29.984,69.32300000000001
0,1.0,yes,47.23,1.006,,,,,,,,0.0,1.0,streak-bound,290.231,20190127.0,bound,34.959,34.959,37.434,43.552,25.237,streak,316.736,25.467,-0.297,29.703000000000003,0.0,62.0,35.134
1,2.0,yes,47.243,1.012,,,,,,,,0.0,2.0,spot-bound,230.623,20190127.0,bound,96.163,96.163,41.291000000000004,47.717,20.054000000000002,spot,346.228,302.27,-0.562,65.438,-0.141,14.859000000000002,42.848
2,3.0,yes,43.413000000000004,1.0090000000000001,,,,,,,,0.0,5.0,streak-bound,280.32,20190127.0,bound,60.51,60.51,29.502,34.933,24.375999999999998,streak,387.5,131.775,0.031,64.031,-0.047,29.953000000000003,41.833
3,4.0,yes,39.569,1.012,,,,,,,,0.0,9.0,streak-bound,177.678,20190127.0,bound,20.082,20.082,31.415,37.02,15.45,streak,272.394,73.18,0.0,65.0,0.25,36.25,30.475
4,5.0,yes,4.842,1.01,,,,,,,,0.0,13.0,streak-bound,136.289,20190127.0,bound,14.02,14.02,28.570999999999998,33.916,11.850999999999999,streak,444.12199999999996,22.768,0.25,42.25,0.0,70.0,3.514
0,1.0,yes,5.782,1.042,,,,,,,,0.0,14.0,Undefined-bound,28.421999999999997,20190127.0,bound,5.7139999999999995,5.7139999999999995,9.766,12.890999999999998,2.471,Undefined,492.18800000000005,264.551,-0.109,11.890999999999998,-0.23399999999999999,34.766,0.27
1,2.0,yes,0.183,1.06,,,,,,,,1.0,17.0,streak-bound,44.758,20190127.0,bound,5.102,5.102,8.287,11.165999999999999,3.892,streak,447.32300000000004,93.24700000000001,-0.42200000000000004,19.578,-0.406,7.593999999999999,0.071
0,1.0,yes,1.787,1.02,,,,,,,,1.0,10.0,streak-bound,99.208,20190127.0,bound,15.265,15.265,13.350999999999999,17.005,8.627,streak,464.276,122.025,0.203,27.203000000000003,0.078,32.078,0.552
0,1.0,yes,58.093999999999994,1.0070000000000001,,,,,,,,0.0,5.0,streak-bound,412.914,20190127.0,bound,57.93899999999999,57.93899999999999,17.202,21.349,35.906,streak,435.059,78.828,0.391,34.391,-0.45299999999999996,87.54700000000001,54.441
0,1.0,yes,58.342,1.0070000000000001,,,,,,,,0.0,1.0,streak-bound,467.77,20190127.0,bound,69.22399999999999,69.22399999999999,45.047,51.758,40.676,streak,384.841,91.79,0.516,42.516000000000005,-0.469,34.531,42.747
0,1.0,yes,5.769,1.011,,,,,,,,0.0,4.0,Undefined-bound,192.791,20190127.0,bound,36.939,36.939,5.148,7.416,16.764,Undefined,473.19,159.375,0.25,41.25,0.375,42.375,0.764
0,1.0,yes,37.675,1.01,,,,,,,,0.0,1.0,spot-bound,256.77099999999996,20190127.0,bound,78.0,78.0,20.116,24.601,22.328000000000003,spot,431.60699999999997,266.473,0.062,73.062,0.359,61.358999999999995,17.816
0,1.0,yes,17.977,1.006,,,,,,,,0.0,2.0,streak-bound,510.526,20190127.0,bound,62.611999999999995,62.611999999999995,15.4,19.324,44.394,streak,374.722,94.01100000000001,-0.125,89.875,-0.484,76.516,17.804000000000002
1,2.0,yes,2.8310000000000004,1.005,,,,,,,,0.0,6.0,streak-bound,293.005,20190127.0,bound,28.918000000000003,28.918000000000003,8.808,11.776,25.479,streak,444.624,68.15,-0.375,52.625,0.109,59.108999999999995,1.041
2,3.0,yes,28.849,1.012,,,,,,,,0.0,7.0,streak-bound,291.325,20190127.0,bound,41.082,41.082,12.373,15.89,25.333000000000002,streak,250.482,73.251,-0.078,60.922,0.25,60.25,31.46
3,4.0,yes,18.781,1.0090000000000001,,,,,,,,0.0,9.0,Undefined-bound,203.918,20190127.0,bound,37.449,37.449,11.234000000000002,14.585,17.732,Undefined,478.345,196.77700000000002,0.188,78.188,-0.203,59.797,0.958
0,1.0,yes,31.144000000000002,1.004,,,,,,,,0.0,2.0,streak-bound,296.445,20190127.0,bound,26.041,26.041,29.365,34.784,25.778000000000002,streak,306.95799999999997,22.768,0.42200000000000004,38.422,0.0,29.0,20.682
1,2.0,yes,60.338,1.005,,,,,,,,0.0,5.0,streak-bound,252.123,20190127.0,bound,35.836999999999996,35.836999999999996,24.005,28.905,21.924,streak,411.719,23.485,-0.156,27.844,-0.016,58.983999999999995,45.43
2,3.0,yes,53.00899999999999,1.005,,,,,,,,0.0,6.0,streak-bound,244.796,20190127.0,bound,36.694,36.694,28.714000000000002,34.073,21.287,streak,408.592,22.768,0.188,20.188,0.0,57.0,49.957
3,4.0,yes,71.938,1.01,,,,,,,,0.0,7.0,streak-bound,264.903,20190127.0,bound,85.204,85.204,37.29,43.397,23.035,streak,392.418,97.14399999999999,0.562,81.562,0.516,37.516,86.448
4,5.0,yes,2.455,1.0090000000000001,,,,,,,,0.0,19.0,streak-bound,139.833,20190127.0,bound,15.306,15.306,25.43,30.471999999999998,12.159,streak,408.691,91.073,-0.375,41.625,0.172,11.172,0.6809999999999999
0,1.0,yes,12.924000000000001,1.0090000000000001,,,,,,,,0.0,4.0,streak-bound,222.567,20190127.0,bound,32.98,32.98,7.261,9.956,19.354,streak,420.517,106.825,-0.23399999999999999,34.766,0.031,67.031,9.573
1,2.0,yes,12.027999999999999,1.014,,,,,,,,0.0,5.0,Undefined-bound,230.399,20190127.0,bound,61.98,61.98,6.587999999999999,9.155,20.035,Undefined,454.642,233.787,0.312,68.312,-0.469,43.531000000000006,1.5959999999999999
2,3.0,yes,2.862,1.0090000000000001,,,,,,,,0.0,7.0,streak-bound,187.765,20190127.0,bound,19.592,19.592,8.227,11.095,16.327,streak,421.772,22.768,0.312,61.312,-0.016,36.984,2.002
3,4.0,yes,1.652,1.036,,,,,,,,1.0,16.0,streak-bound,36.611999999999995,20190127.0,bound,3.531,3.531,6.654,9.234,3.1839999999999997,streak,384.473,22.768,0.109,73.109,0.0,30.0,1.031
0,1.0,yes,42.263999999999996,1.008,,,,,,,,0.0,1.0,streak-bound,281.933,20190127.0,bound,54.857,54.857,43.425,50.015,24.516,streak,429.583,23.305999999999997,-0.43799999999999994,74.562,-0.016,20.984,41.125
1,2.0,yes,2.319,1.006,,,,,,,,0.0,3.0,streak-bound,229.00599999999997,20190127.0,bound,23.878,23.878,22.369,27.099,19.914,streak,450.31699999999995,78.403,-0.484,65.516,0.016,33.016,0.825
2,3.0,yes,2.844,1.008,,,,,,,,0.0,5.0,streak-bound,229.765,20190127.0,bound,27.081999999999997,27.081999999999997,15.149000000000001,19.042,19.98,streak,484.25699999999995,94.01100000000001,-0.32799999999999996,81.672,0.21899999999999997,11.219000000000001,0.545
3,4.0,yes,1.865,1.008,,,,,,,,1.0,6.0,streak-bound,259.72700000000003,20190127.0,bound,23.305999999999997,23.305999999999997,13.137,16.762,22.585,streak,450.444,71.707,0.344,49.343999999999994,0.25,40.25,0.7759999999999999
0,1.0,yes,2.404,1.006,,,,,,,,0.0,2.0,streak-bound,249.26,20190127.0,bound,29.796,29.796,4.999,7.234,21.675,streak,492.18800000000005,89.551,0.391,68.391,0.031,34.031,0.6729999999999999
1,2.0,yes,1.042,1.006,,,,,,,,1.0,5.0,streak-bound,240.1,20190127.0,bound,24.366999999999997,24.366999999999997,11.177,14.52,20.878,streak,449.409,22.768,0.43799999999999994,55.438,0.0,32.0,0.647
0,1.0,yes,0.93,1.006,,,,,,,,1.0,1.0,streak-bound,342.996,20190127.0,bound,26.388,26.388,2.485,4.061,29.826,streak,369.14099999999996,68.381,-0.297,71.703,0.21899999999999997,76.219,0.185
1,2.0,yes,5.308,1.0090000000000001,,,,,,,,0.0,2.0,streak-bound,281.882,20190127.0,bound,50.673,50.673,2.76,4.421,24.511,streak,476.074,145.02,0.375,13.375,0.25,36.25,0.735
2,3.0,yes,1.534,1.015,,,,,,,,1.0,3.0,streak-bound,86.95700000000001,20190127.0,bound,8.469,8.469,2.68,4.316,7.561,streak,431.911,79.44800000000001,-0.203,30.796999999999997,0.047,46.047,0.218
0,1.0,yes,26.164,1.006,,,,,,,,0.0,3.0,streak-bound,424.642,20190127.0,bound,55.673,55.673,12.369000000000002,15.886,36.925,streak,440.598,94.01100000000001,-0.25,33.75,0.469,58.468999999999994,21.176
1,2.0,yes,20.045,1.006,,,,,,,,0.0,4.0,streak-bound,295.999,20190127.0,bound,35.918,35.918,14.463,18.266,25.739,streak,395.50800000000004,27.039,-0.42200000000000004,27.578000000000003,-0.016,67.984,18.444000000000003
2,3.0,yes,55.766000000000005,1.014,,,,,,,,0.0,7.0,Undefined-bound,212.753,20190127.0,bound,73.449,73.449,18.453,22.748,18.5,Undefined,311.164,167.43200000000002,-0.016,69.984,-0.23399999999999999,23.766,60.086999999999996
0,1.0,yes,6.281000000000001,1.01,,,,,,,,0.0,1.0,streak-bound,238.72299999999998,20190127.0,bound,40.245,40.245,4.349,6.434,20.759,streak,476.074,133.237,-0.312,78.688,0.094,14.094000000000001,2.049
1,2.0,yes,0.46299999999999997,1.036,,,,,,,,1.0,11.0,streak-bound,41.273,20190127.0,bound,3.327,3.327,5.672999999999999,8.054,3.589,streak,463.871,59.558,0.406,69.406,-0.21899999999999997,68.781,0.11
2,3.0,yes,0.106,0.9229999999999999,,,,,,,,1.0,23.0,streak-bound,7.351,20190127.0,bound,0.469,0.469,4.468999999999999,6.582000000000001,0.639,streak,306.92,26.021,0.406,77.406,-0.016,83.984,0.0
0,1.0,yes,3.1519999999999997,1.005,,,,,,,,0.0,2.0,streak-bound,314.715,20190127.0,bound,37.611999999999995,37.611999999999995,5.178999999999999,7.455,27.366,streak,480.473,91.073,-0.484,16.516,-0.188,8.812000000000001,0.716
1,2.0,yes,25.158,1.008,,,,,,,,0.0,6.0,Undefined-bound,239.111,20190127.0,bound,44.449,44.449,8.404,11.302999999999999,20.791999999999998,Undefined,484.375,203.02700000000002,-0.484,18.516,0.125,79.125,0.8109999999999999
2,3.0,yes,20.203,1.006,,,,,,,,0.0,7.0,streak-bound,235.873,20190127.0,bound,21.531,21.531,9.696,12.81,20.511,streak,318.514,22.768,-0.062,11.937999999999999,0.0,41.0,15.152000000000001
0,1.0,yes,52.483000000000004,1.0090000000000001,,,,,,,,0.0,1.0,spot-bound,246.488,20190127.0,bound,72.306,72.306,37.775999999999996,43.922,21.434,spot,370.85,230.657,0.562,72.562,-0.312,75.688,35.476
1,2.0,yes,21.424,1.011,,,,,,,,0.0,2.0,Undefined-bound,302.017,20190127.0,bound,89.184,89.184,29.686999999999998,35.135,26.261999999999997,Undefined,435.059,215.83,0.391,89.391,0.21899999999999997,45.218999999999994,19.298
2,3.0,yes,56.24,1.008,,,,,,,,0.0,5.0,streak-bound,161.341,20190127.0,bound,34.592,34.592,20.651999999999997,25.197,14.03,streak,499.599,129.264,0.031,67.031,0.32799999999999996,73.328,32.14
0,1.0,yes,73.71,1.011,,,,,,,,0.0,2.0,streak-bound,265.045,20190127.0,bound,82.98,82.98,49.775,56.831,23.046999999999997,streak,451.031,91.073,-0.047,63.953,0.469,49.468999999999994,86.40899999999999
1,2.0,yes,7.0920000000000005,1.011,,,,,,,,0.0,8.0,streak-bound,181.803,20190127.0,bound,17.184,17.184,21.0,25.583000000000002,15.809000000000001,streak,417.47,65.35300000000001,0.094,65.094,0.21899999999999997,37.219,5.699
0,1.0,yes,37.75,1.006,,,,,,,,0.0,6.0,streak-bound,270.763,20190127.0,bound,29.714000000000002,29.714000000000002,11.36,14.731,23.545,streak,339.06199999999995,22.768,0.5,81.5,0.0,60.0,27.511
0,1.0,yes,1.993,1.005,,,,,,,,1.0,6.0,streak-bound,288.012,20190127.0,bound,24.366999999999997,24.366999999999997,7.004,9.65,25.044,streak,393.555,62.092,0.45299999999999996,71.453,0.156,30.156,1.115
1,2.0,yes,21.421999999999997,1.0190000000000001,,,,,,,,0.0,8.0,spot-bound,182.08599999999998,20190127.0,bound,67.51,67.51,6.31,8.822000000000001,15.834000000000001,spot,459.225,363.75699999999995,0.031,78.031,0.359,18.359,2.7230000000000003
2,3.0,yes,3.6910000000000003,0.997,,,,,,,,0.0,32.0,streak-bound,32.821,20190127.0,bound,2.367,2.367,6.3389999999999995,8.857000000000001,2.8539999999999996,streak,254.361,22.768,0.094,78.094,0.0,43.0,2.1519999999999997
3,4.0,yes,0.284,0.77,,,,,,,,1.0,46.0,streak-bound,11.380999999999998,20190127.0,bound,0.6940000000000001,0.6940000000000001,5.973,8.416,0.99,streak,411.61800000000005,68.983,0.016,68.016,-0.25,47.75,0.008
0,1.0,yes,43.07,1.0070000000000001,,,,,,,,0.0,3.0,Undefined-bound,224.88099999999997,20190127.0,bound,52.122,52.122,23.855,28.74,19.555,Undefined,390.023,204.226,0.391,62.391000000000005,0.094,14.094000000000001,28.84
1,2.0,yes,7.33,1.005,,,,,,,,0.0,7.0,streak-bound,466.19800000000004,20190127.0,bound,55.388000000000005,55.388000000000005,14.610999999999999,18.433,40.539,streak,429.207,97.14399999999999,-0.047,47.953,0.43799999999999994,13.437999999999999,4.1080000000000005
2,3.0,yes,1.389,1.004,,,,,,,,1.0,10.0,streak-bound,287.373,20190127.0,bound,28.878,28.878,12.280999999999999,15.785,24.989,streak,480.473,61.878,0.062,24.061999999999998,0.125,24.125,0.759
3,4.0,yes,0.133,0.951,,,,,,,,1.0,83.0,streak-bound,30.373,20190127.0,bound,2.571,2.571,10.981,14.295,2.641,streak,384.425,60.435,-0.21899999999999997,46.781000000000006,0.141,26.141,0.0
4,5.0,no,0.297,0.7390000000000001,,,,,,,,1.0,98.0,streak-bound,12.312999999999999,20190127.0,bound,1.102,1.102,10.322000000000001,13.534,1.071,streak,431.66,22.768,-0.203,58.797,0.0,87.0,0.106
0,1.0,yes,5.611000000000001,1.0070000000000001,,,,,,,,0.0,1.0,streak-bound,324.461,20190127.0,bound,51.51,51.51,4.015,6.018,28.214000000000002,streak,380.48699999999997,143.042,0.031,73.031,0.359,52.358999999999995,1.715
1,2.0,yes,24.883000000000003,1.005,,,,,,,,0.0,2.0,streak-bound,308.426,20190127.0,bound,27.694000000000003,27.694000000000003,11.640999999999998,15.052999999999999,26.82,streak,306.296,64.858,-0.031,33.969,-0.141,63.858999999999995,16.968
2,3.0,yes,76.41199999999999,1.006,,,,,,,,0.0,8.0,streak-bound,251.09900000000002,20190127.0,bound,34.122,34.122,16.345,20.387999999999998,21.835,streak,299.783,22.768,-0.594,76.406,-0.016,29.984,69.61
0,1.0,yes,32.833,1.008,,,,,,,,0.0,3.0,streak-bound,270.608,20190127.0,bound,48.531000000000006,48.531000000000006,31.388,36.99,23.531,streak,453.991,84.891,0.125,29.125,-0.203,59.797,37.544000000000004
1,2.0,yes,28.612,1.008,,,,,,,,0.0,10.0,streak-bound,225.64700000000002,20190127.0,bound,30.408,30.408,16.883,20.991999999999997,19.622,streak,323.933,68.305,0.594,62.593999999999994,-0.016,32.984,21.698
2,3.0,yes,0.306,1.0070000000000001,,,,,,,,1.0,34.0,streak-bound,56.483000000000004,20190127.0,bound,4.755,4.755,12.685,16.247,4.912,streak,363.37300000000005,22.768,0.25,68.25,0.0,59.0,0.085
3,4.0,yes,6.18,1.0090000000000001,,,,,,,,0.0,50.0,spot-bound,16.283,20190127.0,bound,3.9589999999999996,3.9589999999999996,11.98,15.442,1.416,spot,407.57199999999995,443.718,-0.359,69.641,-1.016,74.984,0.517
0,1.0,yes,1.786,1.005,,,,,,,,1.0,3.0,streak-bound,294.28700000000003,20190127.0,bound,23.551,23.551,15.175,19.070999999999998,25.59,streak,339.06199999999995,69.579,0.375,55.375,0.109,10.109,0.521
1,2.0,yes,3.522,1.0070000000000001,,,,,,,,0.0,5.0,streak-bound,284.199,20190127.0,bound,23.041,23.041,11.012,14.33,24.713,streak,386.719,69.517,-0.25,47.75,-0.25,22.75,2.053
2,3.0,yes,15.699000000000002,1.012,,,,,,,,0.0,8.0,streak-bound,192.071,20190127.0,bound,31.265,31.265,11.919,15.372,16.702,streak,467.194,92.51799999999999,-0.078,90.92200000000001,-0.25,9.75,15.515
3,4.0,yes,6.816,1.012,,,,,,,,0.0,11.0,streak-bound,109.066,20190127.0,bound,11.265,11.265,11.366,14.737,9.484,streak,414.041,22.768,-0.23399999999999999,63.766000000000005,0.0,11.0,5.191
0,1.0,yes,8.397,1.0070000000000001,,,,,,,,0.0,1.0,streak-bound,286.775,20190127.0,bound,48.878,48.878,3.122,4.888999999999999,24.936999999999998,streak,497.639,138.428,0.188,53.188,0.406,71.406,0.8220000000000001
1,2.0,yes,26.930999999999997,1.006,,,,,,,,0.0,4.0,streak-bound,201.30900000000003,20190127.0,bound,28.570999999999998,28.570999999999998,7.409,10.131,17.505,streak,450.667,117.961,0.125,52.125,0.188,86.18799999999999,11.213
2,3.0,yes,1.11,1.0070000000000001,,,,,,,,1.0,5.0,streak-bound,222.831,20190127.0,bound,20.796,20.796,6.51,9.061,19.377,streak,393.75,22.768,0.469,42.468999999999994,0.0,73.0,0.614
3,4.0,yes,0.8059999999999999,1.0170000000000001,,,,,,,,1.0,10.0,streak-bound,76.08800000000001,20190127.0,bound,4.428999999999999,4.428999999999999,5.265,7.559,6.6160000000000005,streak,318.686,67.058,0.344,71.344,-0.21899999999999997,16.781,0.132
0,1.0,yes,1.626,1.012,,,,,,,,1.0,3.0,streak-bound,114.03200000000001,20190127.0,bound,11.857000000000001,11.857000000000001,3.845,5.806,9.916,streak,483.398,22.768,-0.406,22.594,0.0,23.0,0.851
0,1.0,yes,40.302,1.006,,,,,,,,0.0,2.0,streak-bound,283.60900000000004,20190127.0,bound,36.122,36.122,45.248000000000005,51.975,24.662,streak,363.281,23.13,0.016,26.016,0.0,72.0,30.329
1,2.0,yes,1.2790000000000001,1.01,,,,,,,,1.0,24.0,streak-bound,125.50299999999999,20190127.0,bound,11.082,11.082,12.392999999999999,15.913,10.913,streak,403.07599999999996,63.441,-0.078,61.922,0.156,34.156,0.7120000000000001
2,3.0,no,0.059000000000000004,0.8420000000000001,,,,,,,,1.0,69.0,streak-bound,12.055,20190127.0,bound,1.0,1.0,10.236,13.435,1.048,streak,358.11800000000005,22.768,-0.312,36.688,0.0,40.0,0.013999999999999999
0,1.0,yes,59.728,1.0090000000000001,,,,,,,,0.0,1.0,streak-bound,339.37800000000004,20190127.0,bound,75.673,75.673,64.331,72.352,29.511,streak,393.365,100.27799999999999,0.141,51.141000000000005,-0.391,42.608999999999995,62.031000000000006
1,2.0,yes,56.731,1.012,,,,,,,,0.0,2.0,spot-bound,204.34400000000002,20190127.0,bound,112.449,112.449,49.403999999999996,56.431999999999995,17.769000000000002,spot,427.798,482.13300000000004,0.391,49.391000000000005,-1.969,53.031000000000006,32.176
2,3.0,yes,1.196,1.011,,,,,,,,1.0,9.0,streak-bound,205.465,20190127.0,bound,20.673000000000002,20.673000000000002,22.451999999999998,27.19,17.867,streak,461.155,80.954,-0.047,55.953,0.312,72.312,0.204
3,4.0,yes,0.8109999999999999,1.015,,,,,,,,1.0,11.0,streak-bound,102.775,20190127.0,bound,9.061,9.061,19.162,23.54,8.937000000000001,streak,372.458,66.911,-0.125,40.875,-0.125,89.875,0.415
4,5.0,no,3.195,1.05,,,,,,,,0.0,27.0,spot-bound,13.235999999999999,20190127.0,bound,2.612,2.612,14.979000000000001,18.849,1.151,spot,472.12800000000004,294.42900000000003,-0.016,19.984,-0.23399999999999999,63.766000000000005,0.085
0,1.0,yes,9.138,1.0070000000000001,,,,,,,,0.0,1.0,Undefined-bound,331.28,20190127.0,bound,60.857,60.857,3.125,4.893,28.807,Undefined,476.69,154.688,-0.188,74.812,0.281,77.281,0.825
1,2.0,yes,15.751,1.0070000000000001,,,,,,,,0.0,8.0,streak-bound,269.112,20190127.0,bound,26.143,26.143,6.42,8.954,23.401,streak,471.337,70.80199999999999,0.23399999999999999,86.234,0.266,66.266,10.047
0,1.0,yes,25.28,1.01,,,,,,,,0.0,3.0,Undefined-bound,235.63400000000001,20190127.0,bound,49.245,49.245,9.492,12.572000000000001,20.49,Undefined,369.14099999999996,168.18599999999998,-0.344,37.656,0.188,47.188,16.822
1,2.0,yes,0.12300000000000001,0.958,,,,,,,,1.0,23.0,streak-bound,8.453,20190127.0,bound,0.653,0.653,5.606,7.974,0.735,streak,375.0,22.768,-0.312,22.688000000000002,0.0,24.0,0.005
0,1.0,yes,7.975,1.0070000000000001,,,,,,,,0.0,2.0,streak-bound,284.426,20190127.0,bound,35.0,35.0,3.228,5.025,24.733,streak,491.94300000000004,104.083,-0.062,56.938,-0.375,27.625,0.8420000000000001
1,2.0,yes,39.418,1.006,,,,,,,,0.0,4.0,streak-bound,213.06900000000002,20190127.0,bound,26.326999999999998,26.326999999999998,9.89,13.035,18.528,streak,434.235,22.768,0.344,37.344,0.0,88.0,27.333000000000002
2,3.0,yes,6.101,1.005,,,,,,,,0.0,5.0,streak-bound,260.481,20190127.0,bound,21.469,21.469,9.086,12.1,22.65,streak,330.68800000000005,22.768,0.062,90.06200000000001,0.0,64.0,3.568
3,4.0,yes,2.219,1.011,,,,,,,,0.0,10.0,streak-bound,157.453,20190127.0,bound,12.51,12.51,7.1739999999999995,9.853,13.692,streak,354.05199999999996,76.968,-0.016,46.983999999999995,-0.25,73.75,0.831
4,5.0,yes,1.102,1.012,,,,,,,,1.0,11.0,streak-bound,211.248,20190127.0,bound,19.469,19.469,6.705,9.295,18.369,streak,428.216,80.56,0.312,36.312,0.344,75.344,0.185
0,1.0,yes,2.144,1.0090000000000001,,,,,,,,0.0,2.0,streak-bound,166.988,20190127.0,bound,17.245,17.245,2.779,4.446000000000001,14.520999999999999,streak,476.80699999999996,79.984,-0.5,56.5,-0.141,8.859,0.332
0,1.0,yes,5.522,1.005,,,,,,,,0.0,1.0,streak-bound,245.546,20190127.0,bound,25.184,25.184,2.627,4.248,21.351999999999997,streak,457.134,91.073,0.32799999999999996,76.328,0.172,32.172,0.327
0,1.0,yes,14.488,1.008,,,,,,,,0.0,1.0,Undefined-bound,336.00800000000004,20190127.0,bound,63.958999999999996,63.958999999999996,3.073,4.8260000000000005,29.218000000000004,Undefined,421.62800000000004,184.57,-0.062,89.93799999999999,-0.062,43.938,0.773
1,2.0,yes,27.668000000000003,1.0090000000000001,,,,,,,,0.0,5.0,Undefined-bound,197.00099999999998,20190127.0,bound,42.468999999999994,42.468999999999994,9.117,12.137,17.131,Undefined,490.73400000000004,245.033,-0.609,61.391000000000005,-0.21899999999999997,19.781,0.8440000000000001
2,3.0,yes,0.8959999999999999,1.0090000000000001,,,,,,,,1.0,8.0,streak-bound,152.607,20190127.0,bound,13.776,13.776,7.015,9.664,13.27,streak,383.65,66.459,0.516,71.516,0.031,64.031,0.223
0,1.0,yes,1.1179999999999999,1.006,,,,,,,,1.0,4.0,streak-bound,352.12,20190127.0,bound,21.857,21.857,6.352,8.872,30.619,streak,320.475,62.566,-0.188,19.812,0.23399999999999999,59.233999999999995,0.213
1,2.0,yes,41.997,1.01,,,,,,,,0.0,6.0,streak-bound,226.13400000000001,20190127.0,bound,32.898,32.898,11.735999999999999,15.162,19.664,streak,398.34,91.073,0.406,11.405999999999999,0.391,37.391,30.974
2,3.0,yes,7.697,1.008,,,,,,,,0.0,7.0,streak-bound,178.554,20190127.0,bound,15.49,15.49,11.09,14.42,15.526,streak,337.088,22.768,-0.281,62.718999999999994,0.016,23.016,5.557
0,1.0,yes,16.812,1.008,,,,,,,,0.0,2.0,Undefined-bound,313.254,20190127.0,bound,62.245,62.245,5.779,8.183,27.239,Undefined,453.781,188.919,-0.047,68.953,-0.062,60.938,0.8109999999999999
1,2.0,yes,15.835,1.0090000000000001,,,,,,,,0.0,3.0,streak-bound,264.743,20190127.0,bound,40.551,40.551,8.835,11.807,23.021,streak,337.82300000000004,121.43,0.21899999999999997,63.218999999999994,-0.23399999999999999,69.766,12.645
2,3.0,yes,10.655999999999999,1.008,,,,,,,,0.0,4.0,Undefined-bound,188.646,20190127.0,bound,25.735,25.735,7.257000000000001,9.951,16.404,Undefined,421.56300000000005,150.795,0.203,65.203,0.43799999999999994,44.438,0.223
3,4.0,yes,2.162,1.0070000000000001,,,,,,,,0.0,11.0,streak-bound,201.06599999999997,20190127.0,bound,21.326999999999998,21.326999999999998,5.297999999999999,7.6,17.484,streak,488.159,23.485,-0.531,78.469,-0.016,42.983999999999995,0.938
4,5.0,yes,2.4619999999999997,1.021,,,,,,,,0.0,35.0,streak-bound,31.631999999999998,20190127.0,bound,2.878,2.878,4.949,7.172999999999999,2.7510000000000003,streak,334.82199999999995,22.768,-0.078,89.92200000000001,-0.016,36.984,1.715
0,1.0,yes,0.992,1.005,,,,,,,,1.0,1.0,streak-bound,296.68,20190127.0,bound,31.143,31.143,2.798,4.471,25.798000000000002,streak,471.836,22.768,0.391,24.391,0.0,33.0,0.498
1,2.0,yes,80.3,1.006,,,,,,,,0.0,2.0,streak-bound,244.989,20190127.0,bound,37.898,37.898,36.714,42.773,21.303,streak,321.19599999999997,22.768,-0.016,38.984,0.0,82.0,68.33
2,3.0,yes,8.011000000000001,1.006,,,,,,,,0.0,3.0,streak-bound,345.403,20190127.0,bound,44.49,44.49,25.791,30.87,30.035,streak,459.45300000000003,105.735,0.547,10.547,-0.359,53.641000000000005,1.645
3,4.0,yes,28.525,1.0090000000000001,,,,,,,,0.0,9.0,streak-bound,188.977,20190127.0,bound,30.673000000000002,30.673000000000002,23.434,28.275,16.433,streak,388.414,24.214000000000002,-0.469,24.531,0.0,48.0,26.521
4,5.0,yes,25.116,1.021,,,,,,,,0.0,23.0,streak-bound,81.727,20190127.0,bound,17.265,17.265,21.22,25.826,7.107,streak,249.17,22.768,0.5,48.5,0.0,83.0,25.288
0,1.0,yes,14.888,1.008,,,,,,,,0.0,2.0,Undefined-bound,299.899,20190127.0,bound,54.735,54.735,12.554,16.097,26.078000000000003,Undefined,408.452,155.877,0.0,55.0,-0.32799999999999996,35.672,7.3870000000000005
1,2.0,yes,75.78,1.0070000000000001,,,,,,,,0.0,4.0,streak-bound,212.53400000000002,20190127.0,bound,34.673,34.673,26.502,31.65,18.480999999999998,streak,201.53799999999998,22.768,-0.281,27.719,0.0,32.0,73.895
2,3.0,yes,39.611,1.005,,,,,,,,0.0,7.0,streak-bound,218.06900000000002,20190127.0,bound,20.735,20.735,24.925,29.918000000000003,18.963,streak,290.625,22.768,-0.016,14.984000000000002,0.0,43.0,26.896
3,4.0,yes,4.601,1.005,,,,,,,,0.0,16.0,streak-bound,203.395,20190127.0,bound,17.265,17.265,20.459,24.982,17.687,streak,326.953,23.127,-0.047,46.953,0.0,56.0,3.325
4,5.0,yes,6.957000000000001,1.0070000000000001,,,,,,,,0.0,23.0,streak-bound,124.745,20190127.0,bound,11.550999999999998,11.550999999999998,19.417,23.824,10.847000000000001,streak,321.036,22.768,0.375,46.375,0.0,13.0,4.615
0,1.0,yes,14.314,1.006,,,,,,,,0.0,3.0,streak-bound,250.28900000000002,20190127.0,bound,22.98,22.98,6.257999999999999,8.76,21.764,streak,338.379,22.768,-0.32799999999999996,15.672,0.0,82.0,9.474
1,2.0,yes,1.64,1.006,,,,,,,,1.0,4.0,streak-bound,330.957,20190127.0,bound,30.735,30.735,5.473,7.813,28.779,streak,467.593,65.291,-0.203,38.797,-0.203,19.797,0.818
2,3.0,yes,0.276,1.006,,,,,,,,1.0,5.0,streak-bound,230.83,20190127.0,bound,19.285999999999998,19.285999999999998,4.8580000000000005,7.063,20.072,streak,344.36,22.768,0.125,9.125,0.0,59.0,0.1
3,4.0,yes,0.515,1.021,,,,,,,,1.0,16.0,streak-bound,60.203,20190127.0,bound,5.347,5.347,3.9130000000000003,5.891,5.235,streak,332.06199999999995,91.073,0.359,36.359,0.172,37.172,0.057
4,5.0,yes,0.5670000000000001,0.919,,,,,,,,1.0,35.0,streak-bound,8.55,20190127.0,bound,0.735,0.735,3.762,5.702000000000001,0.743,streak,331.54400000000004,60.715,-0.172,18.828,0.0,56.0,0.10300000000000001
0,1.0,yes,26.45,1.008,,,,,,,,0.0,3.0,streak-bound,247.10299999999998,20190127.0,bound,40.592,40.592,13.857000000000001,17.58,21.487,streak,452.16,22.768,0.391,60.391000000000005,0.0,70.0,24.500999999999998
1,2.0,yes,0.282,1.006,,,,,,,,1.0,4.0,streak-bound,269.188,20190127.0,bound,20.49,20.49,10.995999999999999,14.312000000000001,23.408,streak,308.789,22.768,0.391,78.391,0.0,54.0,0.114
2,3.0,yes,1.806,1.01,,,,,,,,1.0,6.0,streak-bound,166.58,20190127.0,bound,15.673,15.673,8.335,11.222999999999999,14.485,streak,460.102,64.464,-0.391,50.608999999999995,-0.156,11.844000000000001,0.778
0,1.0,yes,0.358,1.005,,,,,,,,1.0,2.0,streak-bound,297.029,20190127.0,bound,23.959,23.959,5.96,8.402000000000001,25.829,streak,328.125,22.768,0.391,21.391,0.0,48.0,0.138
1,2.0,yes,9.527000000000001,1.0070000000000001,,,,,,,,0.0,3.0,streak-bound,273.95,20190127.0,bound,24.285999999999998,24.285999999999998,6.8660000000000005,9.486,23.822,streak,335.099,70.256,0.359,60.358999999999995,-0.141,9.859,6.376
2,3.0,yes,0.28,1.011,,,,,,,,1.0,4.0,streak-bound,129.132,20190127.0,bound,11.959000000000001,11.959000000000001,5.761,8.161,11.229000000000001,streak,396.778,22.768,0.172,80.172,0.0,22.0,0.147
0,1.0,yes,2.17,1.0070000000000001,,,,,,,,0.0,3.0,streak-bound,433.898,20190127.0,bound,49.388000000000005,49.388000000000005,7.402,10.123,37.73,streak,445.99300000000005,91.073,-0.094,19.906,-0.43799999999999994,66.562,1.077
1,2.0,yes,0.5539999999999999,1.016,,,,,,,,1.0,16.0,streak-bound,85.235,20190127.0,bound,4.939,4.939,8.038,10.873,7.412000000000001,streak,304.086,59.586000000000006,0.062,42.062,-0.21899999999999997,62.781000000000006,0.183
0,1.0,yes,0.282,1.0290000000000001,,,,,,,,1.0,9.0,streak-bound,46.302,20190127.0,bound,3.673,3.673,3.182,4.966,4.026,streak,354.009,23.311999999999998,0.062,29.061999999999998,-0.031,28.969,0.005
0,1.0,yes,80.042,1.0070000000000001,,,,,,,,0.0,2.0,streak-bound,213.959,20190127.0,bound,44.755,44.755,41.95,48.427,18.605,streak,228.40599999999998,22.768,0.0,52.0,0.0,20.0,78.10600000000001
1,2.0,yes,0.715,1.005,,,,,,,,1.0,3.0,streak-bound,300.901,20190127.0,bound,25.612,25.612,28.866,34.239000000000004,26.165,streak,357.175,23.491,-0.016,72.984,-0.031,44.968999999999994,0.39799999999999996
2,3.0,yes,1.777,1.008,,,,,,,,1.0,6.0,streak-bound,189.016,20190127.0,bound,15.857000000000001,15.857000000000001,22.291999999999998,27.013,16.436,streak,345.32800000000003,80.58,0.344,85.344,0.125,14.125,0.26899999999999996
0,1.0,yes,43.684,1.0070000000000001,,,,,,,,0.0,4.0,streak-bound,259.818,20190127.0,bound,31.98,31.98,13.725999999999999,17.43,22.593000000000004,streak,311.462,22.947,-0.281,19.719,-0.016,8.984,33.616
1,2.0,yes,6.941,1.016,,,,,,,,0.0,10.0,streak-bound,91.225,20190127.0,bound,11.0,11.0,11.477,14.865,7.933,streak,454.586,22.768,0.312,68.312,-0.016,50.983999999999995,4.644
0,1.0,yes,2.134,1.01,,,,,,,,0.0,5.0,streak-bound,157.533,20190127.0,bound,18.082,18.082,3.9760000000000004,5.97,13.699000000000002,streak,430.45,100.27799999999999,-0.375,33.625,0.203,43.203,0.237
1,2.0,yes,37.157,1.011,,,,,,,,0.0,6.0,streak-bound,111.397,20190127.0,bound,15.388,15.388,7.981,10.806,9.687000000000001,streak,434.80400000000003,22.768,0.297,80.297,0.0,32.0,25.703000000000003
2,3.0,yes,1.942,1.014,,,,,,,,1.0,7.0,streak-bound,98.64299999999999,20190127.0,bound,6.672999999999999,6.672999999999999,7.325,10.032,8.578,streak,264.519,22.768,0.297,13.297,0.0,25.0,1.092
3,4.0,yes,2.316,1.067,,,,,,,,0.0,16.0,streak-bound,15.386,20190127.0,bound,1.531,1.531,5.64,8.015,1.338,streak,327.88699999999994,22.768,0.203,59.203,0.0,64.0,0.9259999999999999
0,1.0,yes,4.463,1.013,,,,,,,,0.0,10.0,streak-bound,98.485,20190127.0,bound,8.102,8.102,6.398,8.927999999999999,8.564,streak,322.998,22.768,0.25,14.25,0.0,39.0,2.444
1,2.0,yes,0.732,1.033,,,,,,,,1.0,20.0,streak-bound,34.047,20190127.0,bound,3.714,3.714,5.849,8.267999999999999,2.9610000000000003,streak,496.033,22.768,-0.375,12.625,0.0,46.0,0.257
2,3.0,yes,4.341,1.074,,,,,,,,0.0,25.0,streak-bound,22.49,20190127.0,bound,4.776,4.776,5.771,8.173,1.956,streak,493.144,136.197,0.312,76.312,0.344,24.344,2.923
0,1.0,yes,20.999000000000002,1.006,,,,,,,,0.0,2.0,streak-bound,250.98,20190127.0,bound,18.245,18.245,11.038,14.36,21.824,streak,244.72,22.768,-0.469,63.531000000000006,0.0,26.0,14.725
1,2.0,yes,0.998,1.005,,,,,,,,1.0,3.0,streak-bound,251.878,20190127.0,bound,23.163,23.163,8.177,11.037,21.901999999999997,streak,406.25,22.768,0.141,48.141000000000005,0.0,54.0,0.157
2,3.0,yes,1.5830000000000002,1.006,,,,,,,,1.0,4.0,streak-bound,271.707,20190127.0,bound,23.469,23.469,6.857,9.475,23.627,streak,406.055,58.67,0.156,54.156000000000006,0.125,27.125,0.594
3,4.0,yes,3.0,1.008,,,,,,,,0.0,5.0,streak-bound,189.774,20190127.0,bound,15.102,15.102,6.156000000000001,8.637,16.502,streak,346.069,76.328,-0.42200000000000004,29.578000000000003,-0.188,51.812,1.054
4,5.0,yes,7.767,1.008,,,,,,,,0.0,9.0,streak-bound,173.08900000000003,20190127.0,bound,15.265,15.265,6.199,8.689,15.050999999999998,streak,321.19599999999997,22.768,0.344,71.344,0.0,25.0,6.075
0,1.0,yes,1.679,1.006,,,,,,,,1.0,7.0,streak-bound,221.204,20190127.0,bound,21.98,21.98,7.67,10.44,19.235,streak,464.844,23.305999999999997,0.156,12.155999999999999,-0.016,37.984,0.34600000000000003
0,1.0,yes,0.092,1.1740000000000002,,,,,,,,1.0,4.0,streak-bound,5.415,20190127.0,bound,0.36700000000000005,0.36700000000000005,3.3080000000000003,5.127000000000001,0.47100000000000003,streak,346.884,26.84,-0.078,22.921999999999997,-0.016,19.984,0.0
0,1.0,yes,2.8739999999999997,1.0070000000000001,,,,,,,,0.0,1.0,streak-bound,338.93,20190127.0,bound,33.49,33.49,2.57,4.1739999999999995,29.471999999999998,streak,381.256,91.073,-0.109,28.891,0.406,38.406,0.27
1,2.0,yes,59.299,1.006,,,,,,,,0.0,4.0,streak-bound,242.942,20190127.0,bound,18.082,18.082,14.828,18.679000000000002,21.125,streak,200.0,22.768,-0.188,30.811999999999998,0.0,9.0,38.933
2,3.0,yes,45.531000000000006,1.006,,,,,,,,0.0,5.0,streak-bound,247.99,20190127.0,bound,28.816,28.816,18.533,22.839000000000002,21.564,streak,368.97,22.768,-0.344,48.656000000000006,0.0,12.0,31.054000000000002
3,4.0,yes,0.723,1.01,,,,,,,,1.0,6.0,streak-bound,130.06799999999998,20190127.0,bound,11.102,11.102,15.857000000000001,19.84,11.31,streak,383.65,23.127,-0.25,63.75,0.016,8.016,0.177
4,5.0,yes,1.453,1.046,,,,,,,,1.0,8.0,streak-bound,23.052,20190127.0,bound,1.857,1.857,12.892999999999999,16.483,2.005,streak,306.302,24.230999999999998,0.5,73.5,-0.031,37.969,0.72
0,1.0,yes,8.577,1.008,,,,,,,,0.0,2.0,streak-bound,380.48199999999997,20190127.0,bound,38.041,38.041,5.234,7.521,33.085,streak,490.038,77.071,0.031,76.031,0.359,44.358999999999995,4.923
1,2.0,yes,1.6030000000000002,1.01,,,,,,,,1.0,3.0,streak-bound,236.017,20190127.0,bound,23.245,23.245,4.368,6.457999999999999,20.523000000000003,streak,447.80699999999996,83.63799999999999,-0.031,79.969,0.344,27.344,0.337
2,3.0,yes,0.606,1.0190000000000001,,,,,,,,1.0,6.0,streak-bound,91.294,20190127.0,bound,6.7139999999999995,6.7139999999999995,3.548,5.432,7.939,streak,399.11300000000006,63.032,0.484,68.484,0.21899999999999997,74.219,0.1
3,4.0,yes,0.726,1.021,,,,,,,,1.0,7.0,streak-bound,73.017,20190127.0,bound,5.776,5.776,3.386,5.226,6.349,streak,359.494,73.753,0.45299999999999996,61.453,-0.156,42.843999999999994,0.111
0,1.0,yes,3.425,1.0070000000000001,,,,,,,,0.0,3.0,streak-bound,272.107,20190127.0,bound,28.285999999999998,28.285999999999998,7.0920000000000005,9.755,23.660999999999998,streak,421.875,90.955,-0.5,28.5,-0.266,46.733999999999995,0.7090000000000001
1,2.0,yes,2.915,1.005,,,,,,,,0.0,4.0,streak-bound,290.335,20190127.0,bound,25.898000000000003,25.898000000000003,6.307,8.818,25.246,streak,371.97900000000004,22.768,-0.375,56.625,0.0,10.0,1.652
2,3.0,yes,1.666,1.0190000000000001,,,,,,,,1.0,9.0,streak-bound,119.686,20190127.0,bound,13.082,13.082,4.994,7.228,10.408,streak,470.986,91.073,0.42200000000000004,84.42200000000001,-0.43799999999999994,20.561999999999998,0.242
3,4.0,yes,14.298,1.02,,,,,,,,0.0,13.0,streak-bound,71.589,20190127.0,bound,10.142999999999999,10.142999999999999,6.039,8.497,6.225,streak,414.885,22.768,-0.25,73.75,0.0,32.0,11.058
4,5.0,yes,0.16699999999999998,1.025,,,,,,,,1.0,21.0,streak-bound,20.658,20190127.0,bound,1.8980000000000001,1.8980000000000001,5.626,7.997999999999999,1.796,streak,428.467,22.768,0.406,38.406,0.0,22.0,0.019
0,1.0,yes,27.361,1.005,,,,,,,,0.0,2.0,streak-bound,290.154,20190127.0,bound,27.837,27.837,16.533,20.599,25.230999999999998,streak,335.694,23.127,0.42200000000000004,57.422,-0.016,80.984,19.209
1,2.0,yes,7.05,1.005,,,,,,,,0.0,9.0,streak-bound,167.72099999999998,20190127.0,bound,11.388,11.388,8.039,10.874,14.584000000000001,streak,283.447,22.768,-0.375,49.625,0.0,82.0,3.867
2,3.0,yes,0.439,1.006,,,,,,,,1.0,18.0,streak-bound,119.23100000000001,20190127.0,bound,8.163,8.163,6.857,9.475,10.368,streak,287.77299999999997,22.768,0.281,35.281,0.0,35.0,0.052000000000000005
3,4.0,yes,0.42100000000000004,0.956,,,,,,,,1.0,48.0,streak-bound,25.404,20190127.0,bound,2.224,2.224,5.968999999999999,8.412,2.209,streak,450.49800000000005,69.581,0.141,56.141000000000005,-0.203,10.797,0.11199999999999999
0,1.0,yes,0.105,0.995,,,,,,,,1.0,19.0,streak-bound,9.056000000000001,20190127.0,bound,0.612,0.612,3.8289999999999997,5.7860000000000005,0.787,streak,326.953,23.485,0.078,73.078,0.016,45.016000000000005,0.005
1,2.0,no,0.034,0.74,,,,,,,,1.0,23.0,streak-bound,4.503,20190127.0,bound,0.306,0.306,3.611,5.5120000000000005,0.392,streak,290.41,22.768,0.094,58.093999999999994,0.0,35.0,0.005
0,1.0,yes,0.8,1.005,,,,,,,,1.0,3.0,streak-bound,254.695,20190127.0,bound,23.408,23.408,6.492000000000001,9.039,22.147,streak,400.0,22.768,-0.43799999999999994,58.562,0.0,65.0,0.213
1,2.0,yes,26.139,1.0090000000000001,,,,,,,,0.0,4.0,Undefined-bound,224.85299999999998,20190127.0,bound,38.673,38.673,8.689,11.637,19.552,Undefined,351.92900000000003,183.032,0.141,80.141,-0.297,67.703,12.981
2,3.0,yes,0.843,1.037,,,,,,,,1.0,23.0,streak-bound,27.19,20190127.0,bound,2.265,2.265,6.178,8.664,2.364,streak,356.884,23.127,0.375,71.375,0.0,63.0,0.39
0,1.0,yes,0.733,1.005,,,,,,,,1.0,1.0,streak-bound,299.25,20190127.0,bound,27.061,27.061,2.522,4.111000000000001,26.022,streak,390.244,49.775,0.42200000000000004,16.422,0.047,32.047,0.222
1,2.0,yes,1.187,1.0070000000000001,,,,,,,,1.0,2.0,streak-bound,309.873,20190127.0,bound,22.98,22.98,2.51,4.093999999999999,26.945,streak,375.0,68.44800000000001,-0.23399999999999999,85.766,0.25,34.25,0.198
2,3.0,yes,7.789,1.0070000000000001,,,,,,,,0.0,3.0,streak-bound,204.935,20190127.0,bound,22.285999999999998,22.285999999999998,2.582,4.189,17.82,streak,499.305,100.76899999999999,0.344,35.344,-0.172,10.828,0.42700000000000005
3,4.0,yes,0.055999999999999994,1.058,,,,,,,,1.0,7.0,streak-bound,24.05,20190127.0,bound,1.939,1.939,2.802,4.477,2.0909999999999997,streak,329.468,22.768,0.297,9.297,0.0,25.0,0.009000000000000001
4,5.0,yes,0.365,1.081,,,,,,,,1.0,9.0,streak-bound,30.18,20190127.0,bound,2.9589999999999996,2.9589999999999996,2.733,4.386,2.6239999999999997,streak,396.58099999999996,91.073,0.375,81.375,0.359,57.358999999999995,0.013999999999999999
0,1.0,yes,51.146,1.006,,,,,,,,0.0,3.0,spot-bound,244.40599999999998,20190127.0,bound,54.857,54.857,10.463,13.697000000000001,21.253,spot,486.375,299.927,0.297,69.297,-0.406,20.594,0.73
1,2.0,yes,2.149,1.005,,,,,,,,0.0,6.0,streak-bound,295.882,20190127.0,bound,27.837,27.837,7.933,10.75,25.729,streak,393.75,23.485,-0.172,71.828,-0.016,43.983999999999995,1.335
0,1.0,yes,1.6909999999999998,1.005,,,,,,,,1.0,1.0,streak-bound,396.66,20190127.0,bound,32.959,32.959,2.955,4.673,34.492,streak,453.51599999999996,67.913,0.21899999999999997,17.219,0.266,35.266,0.655
1,2.0,yes,25.399,1.008,,,,,,,,0.0,3.0,spot-bound,159.667,20190127.0,bound,28.612,28.612,3.3989999999999996,5.242999999999999,13.884,spot,437.574,245.793,0.406,32.406,0.25,61.25,1.496
2,3.0,yes,2.56,1.0070000000000001,,,,,,,,0.0,4.0,streak-bound,357.45599999999996,20190127.0,bound,43.836999999999996,43.836999999999996,3.2310000000000003,5.029,31.083000000000002,streak,408.452,104.083,0.188,85.18799999999999,0.375,68.375,0.42700000000000005
3,4.0,yes,0.34,1.0070000000000001,,,,,,,,1.0,7.0,streak-bound,208.926,20190127.0,bound,20.857,20.857,3.1260000000000003,4.894,18.168,streak,437.344,22.768,0.297,43.297,0.0,25.0,0.17600000000000002
4,5.0,no,0.079,0.22,,,,,,,,1.0,31.0,streak-free,2.7539999999999996,20190127.0,free,0.102,0.102,3.008,4.742,0.239,streak,252.27900000000002,26.226,0.32799999999999996,46.328,0.0,41.0,0.0
0,1.0,yes,73.77199999999999,1.006,,,,,,,,0.0,1.0,streak-bound,197.94,20190127.0,bound,39.143,39.143,67.982,76.227,17.212,streak,294.767,75.189,-0.609,57.391000000000005,1.0,21.0,65.682
1,2.0,yes,3.821,1.005,,,,,,,,0.0,5.0,streak-bound,290.441,20190127.0,bound,25.673000000000002,25.673000000000002,23.335,28.165,25.256,streak,355.298,22.768,0.406,48.406000000000006,0.0,22.0,2.4859999999999998
2,3.0,yes,5.997000000000001,1.011,,,,,,,,0.0,14.0,streak-bound,108.711,20190127.0,bound,9.878,9.878,17.36,21.526999999999997,9.453,streak,399.71,23.305999999999997,0.078,25.078000000000003,-0.016,72.984,0.501
0,1.0,yes,0.45899999999999996,1.0190000000000001,,,,,,,,1.0,29.0,streak-bound,52.108999999999995,20190127.0,bound,4.816,4.816,6.931,9.564,4.531000000000001,streak,453.772,66.96600000000001,0.016,63.016000000000005,0.172,23.171999999999997,0.047
